gene,polarization_score
NAB2,-70.51320232559594
HPS1,-70.27512118119873
GORASP2,-67.46293247692084
FBXO32,-64.88563921318995
AKR1C3,-63.1337652800404
RARA,-62.260975499832604
SAAL1,-61.38088743970371
BPNT1,-59.86777353201102
RSBN1L,59.8043794218248
ZNF202,59.52128309187807
SLC39A1,-59.37167796898908
SDHD,-59.16654213860591
IL4R,-56.67940518054313
CKLF-CMTM1,56.32166334514415
C2CD5,-56.29566185756749
COMMD1,-55.97308025636943
TET2,55.333158090213935
CDKAL1,-55.253211538901226
DCAF6,-54.38006532793886
EIF2AK4,-54.28657428485692
GARIN1A,-54.1148983618413
STAT6,-53.54171889719518
NLRC5,52.41472283245767
IFITM2,52.203703798511256
FRS3,52.15389823096582
PIGP,-51.99687889907068
IRGQ,-51.88749232864707
ADAM9,-51.624360896117736
ZNF616,-50.79684963655669
RNF181,50.56755974593607
LAT2,-49.786522311465085
JAK2,49.5976769539224
GCSAM,49.216954863263716
NUBPL,48.986647969043545
IRF1,48.60380869035125
NFAT5,48.32705971997637
NCKAP1L,47.800490431695444
IFNGR1,47.25210897984758
MAMLD1,-46.99003155715422
ANKRD54,46.94327719638829
IL12RB1,46.81920498862183
SRM,-46.78739567589312
ZNF649,-46.73193419514257
SPEN,-46.50790698376609
SNX4,-46.38998899703431
ENKUR,46.26482172347829
LCK,46.06705128676682
EPS15L1,-46.020811920759925
SMIM1,-45.98782865944909
OXA1L,45.692454531839914
IL7R,45.494071644671074
APPBP2,-45.04959667990732
ZNF570,44.75080955117135
KAT2B,-44.72179024836976
PBLD,44.20322342106962
CD247,44.02838499475992
BMI1,44.000845782589494
PRKDC,-43.968792180457264
SIRT7,-43.935911844336445
C11orf58,-43.89361359851956
FAM120A,-43.785264101461856
GLS,43.69841161396373
GPR82,43.4000719798338
FKRP,-43.32660333732349
ZAP70,43.2274838480572
ZNF710,43.21829221718917
MAN1A1,-43.084657059946565
FBXO11,42.840887935827666
SLC25A27,-42.74842728536705
NAA40,-42.65210819882589
TESK2,42.529530568992904
ATF7IP2,-42.37955249189518
NDST2,42.23763907570807
IFT172,-42.11847201549359
ZC3HC1,-42.04562221894976
RIMKLB,-41.63156221429974
ALG13,41.596685815917965
TAF5L,-41.58305992219132
ZNF781,41.372079786718416
MTHFD1L,41.33830295415468
ATP5MC3,-41.336795718639905
AUP1,-41.25446953230652
CENPX,-41.06370989644031
SYK,-41.06261607227119
PAQR7,41.021708450991575
AKIRIN1,40.88987326088962
IL21R,40.88457024412112
TNFRSF9,-40.871883102063585
ITK,40.65943536959805
SLC4A1AP,-40.60464628894137
HEATR5A,-40.572230785440425
TTC9,-40.2304294437219
MED24,40.032128750962976
PEAR1,40.01130875774343
FHIT,-39.89768513970263
MED23,39.78298253240214
LAMP1,-39.77038323142901
ZCWPW1,-39.74833588998608
PODXL2,-39.68032314390528
TASOR,-39.46339556428086
DMAC2L,39.36790056948193
WAS,39.22915825668087
IRF9,39.15149328681384
XPO4,-39.13313255488772
MYO18A,-39.0324090659828
CLCC1,-39.00943905626002
FITM2,38.99948586884746
VAV1,38.99698480529531
NAF1,38.8441770440572
ZC3H12A,38.67102451003685
ZNF410,-38.67031752542121
RPUSD3,38.34425379367378
CELF1,-38.16582070953713
LIN37,-38.16027278077265
SLC23A2,38.14330339651874
ZNF559,-38.055676144165766
MRPL18,-38.027754588643
COG6,38.0215442796348
IFNGR2,37.878740481726375
RANBP2,-37.77655028830424
POFUT1,-37.69354135625798
FADS1,37.584899270451984
MUTYH,-37.57777739387838
KIFAP3,-37.50728491864983
SEC14L5,37.425485425160176
IFI27L1,37.40964102631059
SLC25A37,37.40297029426357
HOXC5,-37.27192870347207
UBAP2L,37.24340739432509
SEMA6A,-37.01510005946178
CHD4,-36.98799102145793
IMPDH2,-36.91824615001371
SEC22A,36.8516536828772
PM20D2,36.81436253016288
SCYL3,-36.803396154897335
KMT2A,-36.60855489950314
XRRA1,36.59804921909833
NRIP2,36.453111036631
PIP4P2,36.24598324667328
SYVN1,36.12647421134825
NDUFA11,36.05750538551516
MRPS23,-36.036932893803574
FHIP2A,-35.95373924435447
TBP,-35.951542453119956
SPTLC2,35.95025256052244
ACO2,35.7914468999636
ARF1,35.79043512857528
SKAP2,35.76751217007761
ZFP36L1,-35.72176341886205
PJA2,-35.69970726409658
ACYP2,35.69079349023953
TBC1D10B,35.67392178549573
TYK2,35.584489931035705
C1orf159,-35.57133883659832
ZNF444,35.486293319576305
COG5,35.458305380125985
ZBED3,35.33687672530541
XCL1,-35.32682048649393
DHX35,-35.23498739416393
ZBTB35,35.17676707523457
ARHGEF18,35.091734443776765
GP1BB,-35.064093372187024
WASF2,35.03997505866118
MTERF2,-35.03666705634275
USP16,35.02302690871605
HACD4,34.873737727778426
SMAGP,34.81412365628304
CORO7,34.807710492466185
RBPJ,-34.77240911905036
FAAP24,34.76637742254841
CRLF3,-34.743990329500626
GLI2,-34.72653548707707
DPF1,-34.69339002293127
FPGT,34.65032375368513
PPP1R15A,-34.64775643470351
DRAM2,34.536333968117255
USP22,-34.433178161531664
MAPK1,-34.415511204429905
APAF1,-34.40710386870793
RP9,34.40066268422374
CDC50A,34.355722680828485
RELL2,-34.25224215689868
USF2,34.23852363276353
PTPN2,-34.2196587695186
TM2D1,-34.19320101668735
RAD21,34.1750929903543
PARP14,34.11906110508091
UCK2,34.11737022239636
UBE2D3,-34.08490423235078
VIM,-34.054840696772565
OTUD4,-34.00247242125576
DHX34,-33.98986368848059
LAT,33.893544198841425
TRMT10A,-33.884232940170754
ICOS,-33.83784577457504
GBA2,33.82618223146628
SCGB1A1,-33.76071714746207
UBP1,33.75220923760798
IFI30,33.73255399374605
PPP6R2,33.60883630974277
PAN2,33.48503001075146
POLR3GL,-33.437723113196135
NDUFB9,33.43511270402198
ADORA2A,-33.41800767251765
POLDIP3,-33.41411383836341
MYG1,-33.39378837450465
FBXL9P,-33.39254247434642
C3orf18,-33.37805896631584
MINDY1,33.366813970768014
MAPK14,33.35740049234533
AP4M1,33.288774298448324
STAT2,33.281432558128856
CERT1,33.26977446048706
UBE2V2,33.241857229476715
TSTD2,-33.14543158224432
PRELID1,33.06377791648385
CD69,33.03248900190623
CCR2,-33.01323835115632
TMEM263,-32.9471153613529
PSMB5,-32.93393558448923
PTCH1,-32.932246013207916
SLC30A6,-32.92900348044282
PPP1R3B,32.921402080545825
POMGNT1,-32.90581321773441
DDIT4,32.8257367216252
RAD50,-32.815204820400695
KDM1A,32.767842846571625
UBN1,-32.72159694858879
DNAJB11,32.70618392418532
DOCK2,32.67655239868541
HACL2,32.580504537267785
ANTKMT,-32.386005257578915
SLC35D2,32.37852065609505
MIEF1,32.36873924748102
NANOS1,32.36688906689262
ERAP2,32.311138555105366
POLR3H,32.25498721593266
MTMR10,-32.214824059389
FBXW2,-32.18404762869926
ACSS1,32.12482977916992
PUM1,-32.023075701032234
CHIC2,-31.938313912890123
UBE2J1,-31.92663531809524
KRABD2,-31.911647422041437
PLCG1,31.88677660750262
KLF15,31.882990335461137
DDA1,31.833651612741107
CPEB3,-31.801357917310337
SMPD1,31.764551003258266
THAP2,31.71955319187829
KISS1R,-31.673452515487348
STYXL1,-31.63504617901968
NANP,31.61184935092129
ZNF223,31.60488610596419
SFXN1,31.553472615198874
S1PR4,-31.528708417805966
RWDD1,31.45211081174845
CENPV,-31.42120205120553
LCP2,31.41849934620086
NFKB1,-31.30085218962872
MFSD11,-31.29150579228065
GATA3,-31.256356485079664
SLC35B1,31.239549481219235
FIRRM,31.085350782882553
BNIP3,-31.075976722053582
HLA-A,31.041789287419604
PIK3C3,30.990601935552448
CD3G,30.978695431115284
PARP9,-30.938816414415705
TNFRSF1A,30.929099879597906
AFF1,-30.886629114346224
EXT1,30.842066285848112
KPNA4,30.763062230391814
KRCC1,30.74414464715594
MRPS21,-30.739649887558397
ZW10,30.72169114620699
GPCPD1,30.69779025139146
RTN4IP1,30.685572762294402
PAX7,30.67638260997405
ANKRD27,-30.675673230610112
IL21,-30.654362798000427
FAM220A,30.65121675056701
PTDSS2,30.603868188470848
DIAPH1,-30.46878107061098
FMC1-LUC7L2,-30.450441408289176
PLEKHA8,30.422772839557446
LIN7C,30.375011245708627
B4GALT7,30.36085756488583
SCO2,-30.30754045945005
PCNX3,-30.235817016887946
TMEM229B,-30.219550835793804
REXO1,30.203284255348144
SP100,-30.17686115204359
TFB2M,-30.17147575191555
RAB21,-30.126348744489498
RNFT1,30.092020206715844
CNNM3,-30.09123875980035
NUDCD1,-30.04430362612318
RALGAPB,30.033786492353215
SUPT7L,-29.99452620292082
SEC23B,-29.992880632077135
TBC1D10A,-29.955586934871054
NR2E1,29.955300305304284
PCBP2,-29.953529999644157
CNTD1,29.941425373932923
DMXL1,-29.926807809046423
EGR2,-29.854012318332845
GCN1,29.851212403750473
SPATS2,-29.840402761997023
PGLYRP1,-29.747916420532416
RTRAF,29.727391635809166
FIBP,-29.72037467639179
ATXN7L3,-29.716960944302393
SORL1,-29.68878316703349
UROD,-29.654063623120425
ARPC1B,-29.609576039361567
OAZ3,29.53066087682664
LY96,29.45954929685475
TIMM13,29.450664567813952
MCUB,29.446685562882333
COL4A1,29.438079139615407
FOXK1,29.433549855487716
NDUFS8,29.424520522474268
HDAC5,-29.40380334732134
PEX19,29.37727706004571
ATF7IP,-29.285192387139283
PAGR1,29.27963788688761
ABHD2,-29.27522439527367
PPP1R15B,29.268904267494
TBX2,29.25062845989885
KYAT3,-29.23401744841697
POLR2M,-29.216820819488063
IL4I1,-29.214414347739865
QRICH1,29.195328961850898
VPS33B,-29.179754293727758
AVEN,29.123549007696933
FBXL20,29.11930920440266
GPS2,29.07538783422155
SOD2,29.019881221430616
CNNM2,-29.011767148477723
CARD19,28.98717471598024
ST8SIA1,-28.986200382871065
ZNF317,28.982221645014988
RNASEH2B,28.970843977072892
UBE2N,28.91861722344869
HPS5,28.91474040359795
GTSE1,28.911605504072813
PPM1F,-28.905232217269965
RBM6,-28.901151158939214
RIN1,28.87209518304877
PAPSS1,28.84538687207744
ZFP14,-28.841523904727588
SETD5,-28.797562909248153
TSC22D2,28.789533762804588
CBX1,28.762278261998212
NDUFAF5,28.74928084144612
DDTL,28.746048380560687
C11orf68,28.730588420542098
DZIP1,28.719868911912755
SKA1,28.700518963568978
TRIM25,-28.680509629110897
NADSYN1,28.662141550017886
ZNF607,-28.655536832172583
AP2B1,28.62769902245314
MNT,28.569568388761734
TTC5,28.569183802868384
OS9,28.56655878705767
AKAP10,-28.52096590577211
PEAK1,-28.519033644601112
MRPL16,-28.49998915799533
LMBR1L,28.379728503504516
TMEM265,28.32733248906491
TRIM33,-28.302090293739006
TRAF3,28.299860301849304
PSMF1,28.27361828007878
DYRK3,-28.188869434637006
ZNF408,-28.185259748094325
SMG6,-28.185162319260755
CIBAR1,28.182340780547694
NF1,28.175782439585745
TBRG1,-28.16192971486008
DPM2,28.12711485585048
LRRFIP1,28.123482568581217
MAP1LC3B,-28.123332798404036
VPS35,28.118126888469487
SRRM1,-28.116098808325816
PPP1R7,-28.112060729709512
DET1,28.110544603720342
ARHGAP30,28.099281453465746
ZNF76,-28.09363052828621
VRK2,-28.085086871292734
TNFAIP8,28.071736508098024
PIK3CG,28.057976558847486
SLC2A11,28.05353883534508
TFAP4,-27.983123439706244
WHR1,27.960205180635676
SPAG8,27.918959373289677
CLEC7A,-27.897393752085723
DYNLL2,-27.87306802089045
BRWD1,-27.79754580587
CA14,-27.776919914610524
NGRN,27.75626599098739
ZFHX3,27.71292905845987
WDR26,-27.680329397672427
AFF4,27.662077998876146
SULT1A3,-27.63497735096373
STAG1,27.60873507898308
RNF115,-27.496164094866128
ADNP,-27.49114184074372
NDUFAF3,27.436516212743133
RIPK1,27.4152562550235
FBRS,27.373070902179908
CEP135,27.36754930391145
UBL3,-27.36654933877879
PALD1,27.333235634551585
SPTLC1,27.310158172263517
BCKDHB,-27.301256451563955
SLC25A15,27.290264515353055
NPRL3,-27.26828669745959
LIG4,27.254572721031014
NMT1,27.25098323211838
EFHC1,-27.24302762366066
CTPS1,-27.240544068159256
TATDN2,27.230596313470418
TASOR2,-27.124425317917918
HSD17B12,27.085089596067238
XPO6,-27.08184187666919
PALS2,-27.074941288981723
IMPG2,27.065254969146753
SUPT20H,-27.062485041105255
ZNF99,-27.053989095795668
IPO9,27.02423494348256
CD99L2,-27.020374189749365
PRRT2,26.997939825610036
KLF2,26.989662173703998
SACM1L,-26.93914360861979
ZIC4,-26.92657489664163
IKBKB,-26.893568331859
ZBTB45,26.89199805122021
BTAF1,26.865382778487394
HIF1A,-26.861014325386254
RWDD2A,26.840008050022163
KPNA1,-26.80924104705681
TSEN15,26.796066035919683
IRF2BP2,-26.748184748626617
ABCD4,26.73421022449591
PIAS1,-26.7160827506122
TAF6L,-26.715596846884615
SF3B5,-26.70075477683782
HS3ST3B1,26.689125220557283
UPF3B,26.683357913733776
XPO5,-26.657159751434296
MPG,-26.653699812866027
H1-4,-26.64842418898053
PRKCSH,26.629812141547667
APH1A,26.60619507545032
ZC3H10,26.516783578215477
ZNF512B,26.48884365868535
TPGS2,26.485582873170532
PIK3R4,-26.469941922461526
SHMT2,26.429282350637976
NR2F6,-26.364706203072636
RNF7,26.362053137325063
PCGF1,-26.30347037048558
CMC2,-26.299916176736744
AGPAT1,26.275471457144835
FAM91A1,-26.27493502990644
FZD6,26.25330194724666
ZSCAN25,26.252791493398963
ARMCX6,26.248420883339136
SMIM24,26.24698839456283
MYO9A,-26.237191787460976
HEXIM1,-26.176038137803907
BICD1,-26.14698115972272
SND1,26.132735002762253
ZCCHC24,-26.11932817911655
SASH3,26.11353036483459
GNLY,26.10464399426474
ATP6AP2,26.083105140865307
CACNB2,-26.076212255662604
MORF4L1,-26.067568820159316
YIPF1,-26.060344854897707
FBXL6,26.040168970726587
GPR146,-26.037189641653352
VPS37B,-26.023607235326054
HPS4,25.995272133296123
NCKAP1,-25.96075170219637
TIPARP,25.96027452357248
MIMS2,-25.95778837839745
MORF4L2,25.93602664067787
CUEDC2,25.932682561864304
PMEL,-25.909758501073203
GIGYF2,-25.860299847916306
POU2F2,-25.851942540539895
LTB,-25.819742990896685
MPLKIP,25.736014535418192
TXNL1,25.734707934607883
CDC42EP4,25.702734550501052
TXNIP,25.699012961228544
ACAD9,25.690131650555024
IKZF1,25.65666360443891
PRKCA,25.622557284497113
STAT5A,-25.60525834732526
PTPN6,-25.579527179954557
GEN1,25.569829785578953
COP1,25.51526646221859
BCAT2,25.495768988431525
TBCEL,25.469296102953656
PDE3B,25.41157504714983
PPRC1,-25.37065624288301
TOP2B,-25.36940245987791
PAXIP1,25.3675343014875
PRTN3,25.36494578808675
BAZ1A,25.322415170878408
GRPEL2,25.321681617732295
ETFB,-25.311329618851474
GFM2,-25.310236684741756
EDRF1,25.285093909754767
NPAS1,-25.280965288955176
PCNX4,-25.27635304296245
RCOR1,25.264473550216408
ALDH18A1,25.26224251602562
ZNF165,25.259603487076376
DAZAP1,25.225035393592325
ARID1A,25.223802147896837
SPATA2,-25.208855549713256
IPMK,25.185525084802485
HMBS,-25.184543682607245
TEX22,-25.181106324958492
PODXL,25.131845232491855
CALHM6,25.107142935252337
HNRNPDL,-25.097649282694725
AK3,25.024717440229793
GPSM2,25.023082607332224
USP24,25.00917456838067
CREB1,24.996139905473722
TMEM127,-24.954151526149186
RCAN3,24.921651412045293
ALDH1B1,-24.823666186859036
UNC45A,24.820771052739502
EMC9,24.803840017129513
MAGED4B,24.80093646164262
DYNLL1,24.766321733645363
EMX1,-24.75261499007516
CASP3,24.748830515503307
CBFA2T2,24.733040389672226
CD3D,24.704646184926496
PDE6D,24.700287913368488
ATP5F1D,24.68104752661876
MTA3,24.67884144933715
LEO1,-24.6617542556369
LAMTOR3,24.65753955459651
HDHD3,-24.632519630311645
SNRPB2,24.61900313678597
ABCC4,24.58982952684765
SLC35C1,24.571074243913007
SLC39A13,24.56837385517059
RBM23,24.566886163178605
DOLPP1,24.562343927255263
UGCG,24.560297695977923
ZSCAN2,-24.549977373746277
SPTY2D1,-24.536297768319947
ARHGAP27,24.495157795802868
ARL1,-24.454894769806188
RFXAP,24.40601850184172
FAM110A,-24.402500928007047
TRIM22,-24.400820778584283
HOXB9,24.37582423881507
NFKBIL1,24.34287863303383
APBB1IP,-24.340036028029946
HLA-DRB1,-24.32647045361682
INPPL1,-24.32502036232143
SCD,24.320196020509705
DCAF7,24.31952674926957
TNFRSF10B,-24.314354911933467
HDAC3,-24.311974961834796
SETD2,-24.308365277728466
CFAP97,24.284290823671288
GDI1,24.28412600393575
DPH1,-24.283350445591534
CMAS,24.261570497767718
REL,-24.260312955487855
PATJ,-24.23917652086672
ECHS1,24.213224271592775
CCDC90B,24.20911671817545
CAVIN2,-24.097757881492644
LMNA,-24.086327097776206
PTEN,-24.08476582805613
ASAH2B,-24.011521725133722
NDOR1,-23.997026899912996
SIK2,23.984508525600916
SNAP23,-23.97613148593665
IL2RB,23.96926726840991
TMEM223,23.96349044736134
ORC4,23.96338836901981
IKZF2,23.949110460028113
NCOA5,-23.920932947508817
ZNF160,-23.88472570363883
SNAPC3,-23.883199523497094
FANCB,-23.87851097019403
LCMT1,-23.87521865697208
SLC11A2,-23.85117553329128
PPP1R2,-23.84559035563768
BCAP29,23.83958251190101
CCR6,23.83910378929422
LTAP1,23.82480701629828
ANKMY2,-23.81481913722081
MVB12B,-23.790927513205965
DEGS1,-23.78265241619713
EIF1AD,23.762042485734447
H2AC17,-23.692931680959667
DUSP2,23.684175390304652
TP73,23.683792873321213
ACVR1,-23.68044603533131
LBH,-23.646976563542417
CCDC124,-23.6464394004902
TARDBP,23.618291308908056
API5,23.614209368418887
CIRSR,23.603498628599073
ZNF98,-23.599981899917335
EOLA1,23.590154863277338
TMEM186,23.53488236164854
PMPCB,-23.523603286792593
CNTROB,-23.51098510456599
VPS8,-23.5006612384817
PCGF3,23.462404759818135
ANKRD49,-23.423468811905853
NAALADL1,-23.41494418691785
GRAMD1A,-23.410580893023752
GNB1,-23.41004145653463
TADA1,-23.386760304499028
IGFBP4,23.37009366797955
DDX6,-23.340704926876985
FN3K,23.321637138256044
AKR1C1,-23.317852526704407
ATP2B1,23.306045955406272
GZMK,23.288920602670483
SLC35A1,23.283114593884854
SLX4,23.27824932089648
GANAB,23.27721125053897
ZNF14,-23.263374585227506
GPR63,-23.26327701034323
CATSPERG,23.259188525972537
LAMTOR1,23.24494650598517
BPNT2,-23.23028724283709
ZSWIM4,-23.21676483023992
AGBL5,23.214804671511242
ASAP2,23.213358572915652
NKTR,23.204467725189968
ZNF286B,23.185226264365575
WDFY1,-23.180010299162912
PPP2R3C,-23.169641328479475
TMEM230,23.157398114907963
NDUFS2,23.084446039655898
TUBB4B,23.072488037241143
TMEM79,-23.06682628608698
EIF3K,23.063331397184225
IFNAR1,23.05077304697249
NECAP2,-23.03804993957415
SGK3,-23.024673819050054
MAU2,23.02274673796103
CACHD1,-23.014883423019928
ALG6,22.99483151010402
CD3E,22.990570279895106
TIAL1,-22.96731071988959
NHERF2,-22.961923853802332
RNF19B,-22.95452811376252
NAPG,22.950420437769694
RCOR3,22.939476724512005
WNK1,22.929477298213353
NDUFV2,22.916550373530658
DCUN1D2,-22.915311243253882
VPS39,22.898675847907878
URB2,-22.88861766120664
PREX1,22.882119067866522
PHLPP2,-22.882098309249418
CDC37L1,-22.87336738309406
BRK1,22.866679485809552
CHN2,-22.846846734544503
LACTB,-22.840418005527376
AKR1A1,22.840062987044693
UBE2F,-22.831356317636068
PAX6,-22.785133263315988
NRBP1,22.780245799607933
ANKRD61,22.774490499471337
RANBP3,22.767994110232397
CD244,-22.75002043089408
CCDC69,22.736654881619607
XIAP,-22.732930381829345
ZNF566,-22.712391822638185
DNAJC4,22.712124494142326
NAIF1,-22.68095390580807
HOXC10,22.675552895652906
EID2B,-22.67271199018926
CTTN,22.65485974752531
COX19,-22.61435438755811
ZC3H3,22.60752989017428
MRPL58,22.60108821389033
TMEM138,-22.597764248908934
BCL2L13,22.578497586602722
CYB561D2,-22.566386736861425
USP15,-22.5350213796348
SLC39A7,-22.512871272283082
GFI1,22.503916226878435
NPDC1,-22.500102650350076
SLC25A10,-22.483437005904037
CBX3,-22.449380780015996
STAG2,22.447191392544205
HMGN5,-22.442782681610925
COA7,-22.428123380852902
PARL,-22.426947831306723
NCR3,22.408168285906118
SP110,22.407815821318632
USP10,22.393573041742613
CNOT2,-22.3828896457503
CYCS,-22.36898839416208
TTC39C,-22.366930424518067
HCCS,-22.361300764259237
SQLE,-22.295687763746468
ALOX5,-22.260898675274394
HEXD,-22.256365175260555
CABP5,-22.243981494195314
LMTK2,-22.239205774949987
NFATC2,-22.23202873658491
FANCD2,22.217572913613537
FUNDC2,-22.177622194849846
SMG8,-22.17476773947341
NUP188,22.171599944952582
NAA35,22.162263936290607
CD93,22.153116602986614
PPHLN1,-22.133244451027057
TOE1,-22.13093597974917
NUDT22,-22.126270599011928
ZNF33A,22.1141241050942
CAMK1,-22.113825539959358
GLYR1,-22.11036917933241
CRYZL1,22.103582430560337
ADO,22.072456641421308
GUCY1A1,-22.070114696060497
NCS1,-22.068192966683636
MAP2K1,22.050747731469052
UNC93B1,22.02702658920792
CARMIL2,22.02470515014778
CDKN2A,-22.021244905196387
FOXQ1,-22.013893779435882
SCD5,-22.005283802591443
ALPK1,-21.99488524699147
ITPKB,-21.988276341409367
RTTN,21.986778115726565
ALAD,-21.97084467155993
KIF1C,-21.949146069075024
DLG3,-21.93230201757823
CLPB,21.93017871509506
RHBDF2,21.921580073221158
CSF2,-21.912757047534612
TMEM119,-21.90334487643188
SECISBP2L,-21.88154218902719
CHD7,-21.864458559111142
C1orf21,-21.846663015374784
PRKAA1,-21.842929080118765
NUDT19,21.822074570800737
CD99,-21.789848357526555
FMR1,-21.788831214447967
HCN2,-21.77948563719378
C4orf33,21.77877433101325
REEP6,21.773631895564385
ASH1L,21.77158765905033
CNEP1R1,21.768564567487644
FBXL17,-21.766506996925624
PPP4C,-21.765564896586543
PRXL2B,-21.76056772276928
CDC25B,21.74236979230569
AKAP11,21.729371017734405
NSUN4,21.71919539786082
CATSPER2,-21.70029612412735
NEK3,-21.687627225581622
ITPR1,-21.686721914707107
ZFAT,-21.679325397715235
PRDX4,21.67077393118449
TCF21,21.66152744243757
HDAC1,-21.660783532435477
ZC3H7A,-21.654729199502505
MRPS22,21.652713741473097
ASCC2,21.64721518262391
RAB1A,-21.64110542757065
ZMAT1,-21.634430189905366
DCP2,-21.61256235960283
IFNLR1,-21.608408112659212
ZC3H12D,21.595934197408596
RPL26L1,-21.578530728423203
ZNF274,-21.54821422290352
ZNF658,21.530616723259634
ERCC6L2,-21.515792896559446
MRPL49,21.487370195272867
NMNAT3,-21.482638898890297
MME,21.46179328336235
TMX1,21.45329214823378
SETDB1,-21.426316376375976
PLEKHH2,21.4228150336471
JRK,-21.417452373279676
DDX31,21.409115669037444
RPTOR,21.400601944409143
GATAD2B,-21.39727287038446
CSK,21.389884705536126
CDYL,21.387615214021164
LYPLA1,21.3866596130276
PDCD5,-21.356885840163223
ACSS2,-21.346681371924767
PTMA,21.3251183459968
PRKAR2B,21.30743083198854
ELOB,21.283442929012814
SLC31A1,-21.25710066372084
MANF,21.239584073437847
SRP68,21.239375173327563
MPI,21.22418235567535
PPP1R10,-21.182072836459582
CFAP36,21.177030746484462
JOSD1,-21.148683230304936
PTPRC,-21.141523617343765
FAM174C,-21.114366396207856
C5orf63,-21.112403199275033
SHC1,-21.079669887085885
SH2D4A,21.07904937826764
COX11,-21.07538045114273
ARHGAP45,21.030219585652553
ADPRS,21.02764264992166
BATF,-20.992029843956463
SYNGR3,-20.99123891246302
PIP4P1,20.989219814347663
PKN1,-20.98715875549291
CLEC4E,20.983005567255205
NUMB,20.96684064281576
TXLNA,20.943557808499225
ZNF276,20.939236108281474
DHRS7,20.93668980654099
TNRC6A,-20.928941810966002
ANAPC11,-20.92583313634721
NDUFB6,20.91484874769837
RRP8,-20.869940634667195
CHD8,-20.869866542383118
ZNF16,20.866740100463794
ELK1,-20.861784256172275
MSL1,20.842602635051854
RAB11FIP1,-20.83253033844444
HAUS8,20.82325529440896
CD37,-20.794275286771068
FAM133B,-20.774920779518688
DOHH,-20.771963187951403
PHF8,20.759512822125746
VPS18,20.75071728344282
ESRRA,20.743245594135146
JAKMIP2,20.729949008788815
SNAPC1,-20.715515475552717
MAF,-20.711680546311918
LAIR2,20.696861035385986
SLC3A2,20.687595562570227
NIPSNAP1,20.683547670630123
SSBP1,-20.682750022645553
ZNF470,-20.6784545102297
TMEM214,20.675692306427493
SUCLG1,20.670065368823835
PIK3C2B,20.666650454427913
STOM,20.664280592944
IST1,20.65181780730329
TNFRSF10D,20.629432910176565
TBX21,20.600804039669374
TIMM8A,20.591529848631758
SREK1,-20.586993269338024
MTHFD2,20.584913723771287
USF3,20.563483666320586
SEPSECS,20.545204446087606
GPRASP1,20.505742660940207
MAP6D1,-20.50556025665802
ATAD3A,20.49511115161081
BAHD1,-20.487565336294878
ZMYM2,-20.476596600206268
UHRF1,-20.464686814795062
ZNF790,-20.46314407597392
MBD3,-20.43096746054246
CCAR2,20.411064484676373
MTA2,-20.389016185280735
CCDC9,-20.382360141560003
SPAG7,-20.36789039386227
CRTC2,-20.362301407373007
VPS41,20.31461737452431
DCAF5,-20.28042532100311
PRDM15,20.23668141444398
MRPS31,20.23298908627398
LCOR,-20.225443023585072
TNPO1,-20.222106336711057
CD9,-20.218686814404847
CYLD,20.20093917397255
TNS1,-20.190528402443825
HMGA1,-20.188286786624225
PCBP4,20.156650408601205
HRAS,20.151648131346622
ZMYND8,20.149963365833713
AP2S1,20.147636837535966
TIAM1,-20.139907627616704
STAT3,20.124862275616856
SMG9,-20.124248300528972
PHF20,20.123020004276416
ANKS3,20.1126756102672
TIMMDC1,20.100040641093912
GPRC5A,20.098888378219016
FOXRED1,20.093348994796806
RRBP1,20.06951832485907
ZCCHC8,20.067407487896467
HSPBAP1,20.063963314107085
CSAD,-20.06096603543028
COX16,20.05343803333178
LRRC8A,-20.02764763491917
FERMT3,-20.0261651258527
CCP110,-19.975143230304734
PHF3,19.970249156209025
SCAPER,19.96246480738991
TMEM45B,19.957329594600274
ADGRL1,-19.953086656737575
MTX1,-19.946069697314176
RPP25L,19.929043844235082
TMEM259,-19.915656304977386
SFTPC,-19.90206043260779
SLC5A3,19.895671928008287
EML2,-19.890184114745338
SMG7,-19.889021549173425
EHMT2,19.8868628732796
RNF111,-19.844203969012536
DDRGK1,19.840973207909204
ULK4,19.83692184716461
SLC27A3,19.831794478630254
CROT,19.8214600240552
KIF16B,-19.81028475523549
SIRAL2,19.803938195759457
LAMA3,-19.793418423922702
HSPA1B,-19.76667430306423
STAT1,19.76465432337681
LARP4,-19.75517455198883
OPRL1,-19.748973404480722
BCL9,19.748904476542965
UBXN7,19.716257717481955
P4HB,-19.6954342012549
CUL3,19.68389109300729
ATP6V0E1,-19.67276242814272
TMED2,-19.669889774282996
ZSWIM9,-19.643585918901998
USP3,-19.643465031669187
UPF2,-19.64223765361492
NUDT15,19.640674934104062
PPP1R37,-19.625655436432943
ZNF630,19.6169360779182
CEP57,19.60669142835547
DAPK1,19.59618592555707
KCTD21,19.579298049446326
DDX60L,19.578430871209015
SHANK2,19.574087781430286
H2AX,-19.566800704244223
MOGS,-19.553106652146383
NAGK,-19.546390526588592
YPEL2,-19.533058847942236
CAP1,19.520974784823874
ANKRD16,-19.500721522802518
NLRX1,-19.48221021006124
FBXO46,-19.477877722212845
ADAM19,-19.475717528607053
PEX5,19.473166278336514
C1orf216,-19.46525399876636
TENT2,-19.46412854811164
EFR3A,19.454202890278417
GSTCD,-19.434970650953726
ELOA,-19.431054019292088
LAMTOR2,19.392791241506508
CFD,-19.384273482698255
TARBP2,-19.37895054010714
ACAD11,19.37719861598171
MRS2,-19.376940957443658
LMAN1,19.373049770221805
IRF4,-19.368866718866535
STX16,19.31897963168723
MRPL33,19.318750390547812
C1orf115,19.31730393589564
PDCD2L,19.292223562250218
EMILIN2,-19.275494718755628
SAP30,19.268103508615255
CDCA3,19.254839532595867
DPY19L1,19.227898960706586
CLDND1,19.21703861265167
PAIP1,-19.194707964076105
UFC1,-19.193256793048143
ABHD14B,-19.177477165736537
PDSS2,-19.16327941284868
REEP3,19.162079143234404
DHRS4L2,19.15532419400846
ZNF587B,19.138795309426925
RAB33A,19.11000920223159
PTK6,-19.100885657910794
C10orf88,19.10072194387412
PDHA1,-19.099611818827878
NEIL1,19.09606487373294
USP13,19.09606224246131
ALG14,19.086402225104703
ZHX1-C8orf76,-19.06299994629911
EARS2,19.04385310862973
PGGT1B,19.03849171436012
CCNA2,-19.031262653495222
PRKAR1B,-19.021011537032614
INTS6,-19.004256923543828
AHSA1,-18.9986376568667
CLIP4,-18.99142945833864
TM9SF3,18.980554346125757
COQ5,18.979598762972895
SFI1,-18.966628421595132
ZNF746,-18.964062219832382
PIP5K1B,18.956533943642743
CYTH3,18.94500998651604
TMC8,-18.933107868755016
PPP1R1A,-18.92708633359164
SENP5,18.919531810878002
ME3,18.890697535789762
INSR,-18.87084979963765
PLXNA4,-18.847751337420277
ANGPTL4,-18.8214986023584
MRPL35,18.803732225422102
SNPH,-18.796959534193267
MVP,-18.788713962436837
PAICS,18.782666037691683
TMEM131,-18.778481547731566
NAMPT,18.76955446049822
HOXB13,-18.763976873241983
GABPB1,18.753632209149767
ICE2,-18.7495628965428
ZFC3H1,18.747700527695326
ILK,-18.734613829698695
PSMB9,18.718418556734306
B4GALNT3,-18.702435922180985
H2AZ1,18.693953287377287
SMARCB1,18.676408598981716
FBXO42,18.649374356614775
ZNF652,18.622183772470688
SMAD4,18.58330251478202
RASGRP1,18.58200114452781
METTL14,18.543973726045863
KLHDC4,18.527918248451574
SHLD1,-18.505299063125722
PPP1R14B,18.451237862144527
UXS1,18.44787380296697
EGLN1,18.447597392282777
RNF2,-18.444765663749017
TPPP,-18.441464533696873
DNTTIP1,18.43598924265273
ANKLE2,18.4216583950746
E2F4,-18.416711811227955
GNB1L,-18.414632099072964
PNKP,18.389971337155526
APOBEC3B,18.380955108593472
PDLIM2,-18.375301673580278
NR2C2,18.37078293433808
NOAZFP,18.359401495919695
THRAP3,-18.34449888522468
SLC2A1,18.342175053993103
UBE2G1,18.319218251310517
FIGNL1,-18.31287100598801
SPATA33,18.296199319273946
RAMP3,-18.28883469815836
FAM170A,18.287926562556606
FAM131A,18.278853086770567
BAX,18.274532846373056
EIPR1,18.265493840056315
ARMCX3,-18.25902922895136
PPP1R13L,-18.24728565201268
MYC,18.213647997265454
NRG2,-18.202709514223645
PTF1A,18.19404958675409
APOBEC3G,-18.19369520483572
CEPT1,-18.188834805446046
FKBP2,-18.17962721835386
SRR,-18.178276300599652
ACVR2A,-18.177859790799438
LRRC25,-18.166095465168812
DYNLT2B,-18.165535675787154
INPP5D,-18.163016714154367
PRB4,-18.162241700558262
MAP3K10,18.154392044354946
ERGIC3,-18.13991673705082
LRP2BP,18.135418152761098
GINM1,18.133877035357564
COQ6,-18.127423466664133
USP40,18.12636896138919
ALG2,18.124964024272668
COMMD9,-18.122799361704267
ZNF479,18.122266658173928
AP1S2,18.111800274033254
TIA1,18.094130195453904
BLZF1,18.087699958384054
LUC7L3,18.056042346795824
MEMO1,-18.05029769604065
MRGBP,18.03968098397499
TIGD6,-18.036439064949633
YY1,18.00168924237129
UVRAG,18.00027220137002
VARS2,-17.991495448984043
MYL12A,-17.98791812506212
CAND1,17.96544464008505
METTL8,-17.96481588645954
MED13L,17.95650523557766
BCL3,17.9531027644006
PTDSS1,17.94461936516779
WTAP,17.93905118101688
RBIS,-17.90072973988046
SH3PXD2A,-17.88852783907294
TIMCC,17.8444378806486
MFHAS1,17.84179640521056
RAB5B,-17.837223925025633
UBR7,17.822887894355766
UFL1,17.8181909150071
MSL2,17.81661235791837
C1S,17.81603067903028
GTPBP3,-17.804971134969453
ZC3H15,17.80106321598549
MARCHF3,-17.797889507801592
TXNDC12,17.77902889442113
NDUFB7,17.752582653607064
STYX,-17.751114861352804
ITPKC,-17.749309729282032
DPM1,-17.742877683763087
PRPF40A,-17.7421650649927
ACTB,17.71482123471927
FAF2,17.70185679570652
ERMARD,17.697564258211806
ZBED6,17.69548427588154
AASS,-17.694090423821105
ZBTB24,17.692584192289537
UBXN6,17.689106397256722
APPL2,17.686929544575438
SMIM15,17.686167118535828
ZNF644,17.66776448754525
MRPL45,17.656968605187767
CDK2,-17.654474887908815
LTA,17.636488909297295
NDUFB10,17.623211923868702
EXOC1,17.617574076961354
GID8,17.614039094293265
PSIP1,-17.61264522704474
ARHGAP15,-17.61165891778618
RNF215,17.60291623423073
TMEM184B,-17.566071985276555
DNAJC8,17.547598265841206
MLST8,17.53484307456857
NUSAP1,-17.530835193942593
WDR89,-17.52954557654701
ZCCHC18,17.52344352610372
HDIP1,-17.518825135611202
HSP90AB1,17.518427580856393
METTL3,17.517108322068296
SMYD2,17.514147835820047
POC1B,17.509423279261696
NMRAL1,17.501795349158456
GPR107,17.501389293020978
ZNF92,17.488168136314073
NFIC,-17.475307365175873
TRIT1,17.470746956044156
NDUFV1,17.45974224589978
FLAD1,17.41493402935511
MRPS35,-17.412576236007016
SLC9A5,-17.40868192837331
LYRM1,-17.408244054433496
NKX6-3,17.404524576647685
PSD,-17.397305511640305
EI24,17.39334448456761
KGD4,17.38938534502046
TMUB2,-17.386831377198693
SLC33A1,-17.38199399627628
THRA,-17.369554692656727
KNOP1,-17.352377989974993
MMD,17.34422838590292
CDIPT,-17.3171280518216
WASHC4,-17.295630192830433
MPND,-17.2947607000079
SDR39U1,-17.2926644249751
IMMT,17.286236801696234
DAP,-17.285944658151692
RBM10,-17.280372137263136
COX6C,-17.275683492856206
BCL9L,-17.273908668323852
AP3S1,17.269138844657185
COASY,-17.26414400297225
ABCC1,17.261014932519192
ADGRG1,17.2588274516759
THNSL1,-17.25618106668014
ANKRD17,-17.252398473305142
CHMP4A,17.23486895376617
PITPNB,17.198923924702544
HMGXB3,17.179518901058117
PSMD4,17.172480744839646
SP1,17.16815402688278
ISCA2,17.155320346907345
NDUFA3,17.15183506235794
TIMM17B,-17.146100810119965
PDIA6,17.14286571863716
TAF1B,17.13257608553646
PSMB8,17.12462202411993
NUDT16,17.087405047076857
MRPS2,-17.086971753712145
SEC14L1,-17.079641888323756
LETM2,-17.064791423134423
TMEM217,17.053416818150886
ORAI2,17.04995203723536
NFU1,17.042806845986195
DDR1,-17.034272629484136
IL12RB2,-17.00392663935291
MED13,-16.99541318079134
BABAM2,-16.99514350892822
LTBP3,-16.991262691980374
STK10,-16.980704424401967
ZNF562,16.97502321784243
RBP5,-16.94642411911912
ZRSR2,16.94365368000466
RCHY1,-16.940785245696784
ZNF34,16.940712120421143
PIP4K2B,16.92737917770114
TSPYL5,-16.924880467698486
THAP5,16.91579046170639
RAD51B,-16.91151722046295
INSM1,16.906990006169924
COX5B,-16.905111471790665
SCRIB,-16.90374124166539
CDKN2AIP,16.888473311844155
DDB2,-16.887548991636656
PDS5B,-16.876705203152298
EXOC7,16.875961381863846
CAVIN3,-16.871083700624414
INTS13,-16.86157125520433
PPIL1,16.852301573637593
SP140L,16.8311750815859
EWSR1,16.825512865366715
TM2D2,-16.825421826627323
ZNF154,-16.82431102590559
EPG5,-16.819746662915616
CCDC136,-16.78746331480439
ISG15,-16.772982080047914
NMUR1,16.769594064231796
OPN3,16.74228495632973
CTDSPL,16.7418568796842
SRSF9,-16.739791063294696
COA6,16.73249798997604
EMC3,-16.730931235207752
ATP5MF,-16.726947403627694
MMP9,16.707363831561175
MRPL55,16.690361813705128
ZNF627,16.680980586008985
COPRS,16.679875567545675
CKAP2,-16.67399471774974
TMPPE,16.65944525807746
DCUN1D3,-16.643653964064836
ATP5F1A,16.635797042565894
SLC22A15,-16.626237671260693
TSLIG3A,16.616729156539893
UGDH,16.615143334172956
URM1,-16.612340991055135
S100A10,-16.61117016808099
OSGEP,-16.610960922954693
FEN1,16.606788266121207
BRAT1,-16.605316851033802
OTUD6B,16.600890860279474
EIF3L,16.60058976132534
RASA2,16.594021759108642
PFKM,-16.59061744911417
HP1BP3,-16.585770623727782
SAMD4B,-16.562485824130416
DCTPP1,-16.55576120031696
COA3,-16.543578770368917
CTNNB1,-16.54161402568228
DNAJC16,-16.536983940801278
RAD51AP1,16.532113749761503
STARD7,-16.52674351087811
DRAP1,16.5249602590095
EIF1B,16.519531620236382
ATXN2L,16.501441320869407
HSF1,16.499804865524595
ARK2N,-16.497697594267933
ZBTB44,-16.48810979421994
NUMA1,16.481511313685708
PROZ,-16.466601577150183
ACTR3,16.466542343875563
LTBP4,-16.455427950669613
HOXB4,-16.444410347989848
TP53,-16.423579872653733
RWDD2B,16.42049644582623
NMT2,-16.41221174122645
MRPL39,16.40931127192684
RNF41,-16.404535780814584
PGAM1,-16.375315573937257
GSTO2,-16.37520777822787
EPB41L3,-16.371541619781855
RMDN3,16.36206756280199
ZNFX1,16.355407939353086
TOB2,16.35168585061525
NKX2-3,16.33555125304843
THAP7,-16.33249634868446
PPP1R12C,16.33026374096567
SNAP29,16.32292460066948
TIMM10,16.318580234365744
SLC35E1,16.301076416320832
SLC25A32,16.2973974856271
PITHD1,-16.29419493331912
SLC9D1,16.279800310386857
KLF10,16.275581867691063
MLYCD,-16.24968013740915
GPATCH3,16.24934466794281
CYB5R4,16.224542423123392
YARS2,16.219519877284352
MRPS34,16.188805861006724
TEDC2,16.181298311881896
TPT1,-16.179538936217565
AFG3L2,16.16365250201708
UNK,-16.153999936486834
SIRAL1,16.15371605447683
MRPL50,16.152272657126623
LARS2,-16.12991971846906
BRD2,-16.100284604645502
SENP3,-16.08491097460704
TMEM126B,16.077038804743967
RRAGC,16.061803544557172
RMC1,16.060231497517066
DCK,16.060056454660252
LRRC8D,16.055542685455794
ABCA5,16.047143596730308
SLC60A2,-16.023474671069255
JADE2,-16.018325799161435
C6orf120,16.010172837176814
RAB27B,15.984648782939285
GTPBP10,15.975521689959628
NDUFA9,15.967714917158222
HNRNPA1,-15.964623679846655
SLC7A7,-15.95638669811881
ISCA1,15.95311421542255
KIAA0586,15.917803536507957
MMP28,-15.916524448404115
ZSCAN18,-15.902264073063026
FOXD4L1,-15.896521146508176
SLC17A5,15.881440558198198
EHBP1,15.878635685888012
DCAF4,-15.87489383552932
CLASP2,15.861891870347087
FBXL16,-15.861545556595146
HEATR3,15.852982789319562
PXMP4,15.852820617009728
FANCE,15.849186995039851
NDUFA6,15.832288310198416
KPNA6,15.831446379327408
OSTC,15.79297861962965
KIDINS220,-15.789166297837086
FANCC,-15.788336142299752
MRPL3,15.787021912056975
ERCC1,-15.77458877078311
SMIM7,-15.774339712044888
TCFL5,15.759469663045854
ILKAP,15.734404620932924
ADRM1,-15.721015069448123
NDUFA8,15.709850329216435
MGA,-15.698143292755129
INTS12,-15.697784804028657
TLN1,15.693644561086126
CSTF2,15.68902602299553
SEC63,15.687777330266757
ELMOD3,-15.686383764212575
DPY19L4,15.684208954625143
STIP1,15.674416880738987
BCS1L,-15.673269726956605
PDPK1,-15.651571992310368
RREB1,15.640591753650748
ZSCAN23,15.631897332390428
ZNF142,-15.626930674982452
WASHC3,-15.607194233474196
TWF1,15.586843269778731
DLX2,15.575136033362432
KMT2B,15.560386359318885
SERGEF,-15.556100378689484
SCAF8,-15.55142880909435
GALNT4,15.550965252745769
CAV1,15.547813743360086
TOMM5,-15.535653557534149
ST6GALNAC6,-15.497318883398847
ECSIT,-15.457136506934866
GART,-15.455362630040971
ARL5B,-15.449988382926707
SH3BP1,-15.441694099782893
TFAP2C,-15.44154023524516
MRPL11,15.434915473556508
HSDL2,-15.430381566366972
IL4,15.412965202303067
CDC34,15.404912745751915
ZHX2,-15.403394129867692
RPE,-15.400589826179141
FAM13B,-15.377807659994842
CENPE,15.37492318355668
KATNIP,15.368246913299737
NAA20,15.36481409268516
SOCS3,15.360370701658626
GET4,-15.350518559398077
MIOS,15.341625302022369
HNRNPA2B1,-15.339864357155609
ZNF148,15.323313907160731
ST3GAL1,-15.312470278494322
DR1,15.309396484571774
GPR137B,15.309008280000468
ZNF81,15.298811788441789
GALR2,15.282240077858146
SARS2,15.27079610486526
STON1,-15.264597945783903
IMMP2L,15.25304353598415
FOXD2,15.243212421927026
RC3H1,-15.23750967330814
ZNF837,15.235089235235385
SEC24A,15.222433219447232
BTN3A3,-15.220422638372506
FAM241B,-15.206966776831644
MIDN,15.197503112468628
SBF1,-15.196095640740252
FUOM,-15.187491135917137
ANAPC10,-15.183495750990867
RAB9A,15.164145140902056
ZFAND2B,15.155469920311518
RAB19,-15.151005963859644
MRPL9,15.141904722663808
PPP1R8,-15.1246128522102
TSPAN4,15.12168602796303
TRAPPC3,15.11950908987093
MLKL,-15.11806549609355
ELAVL1,-15.11804642036009
ZNF35,15.111632903266427
POLRMT,-15.109154506039372
RFT1,15.10534064004367
GPATCH8,15.094869682429145
BRIP1,-15.092876447264125
EDF1,-15.089286614254133
ALKBH2,-15.088863700197813
SPTSSB,-15.087448130485958
CHUK,-15.085600642529297
PGK1,-15.082870996175217
MCF2L2,15.074738931708374
DOLK,15.066623407089097
GZMB,-15.065907149425417
EPC1,15.062977075034008
RFWD3,15.060856628618827
ZBTB7A,-15.051302376803495
TRIB2,15.04469149205687
TNFRSF4,-15.041752323878566
CEP95,15.025880321612552
CCNK,15.016044575499823
IFFO2,-15.012026755331764
APC,15.011880418919274
BLOC1S2,15.008475636337343
PRMT9,-15.007286934107972
TBC1D10C,-14.991165373912768
CIP2A,-14.979044115653085
HES4,14.97148615834139
ALG1,14.950376097038198
F5,14.942563922199138
SSB,14.938916963136684
EIF1,14.923525391173866
FANCL,-14.910214344246548
YTHDF2,14.870469503618466
PPIH,14.868432328147142
MRPL2,14.862527325306916
HMGB3,-14.855051580909413
PANK4,-14.845627053765337
PLA2G4A,-14.836348413543622
UGGT1,-14.828509434147216
ZCCHC3,-14.828144427016824
UPF3A,14.807449653517704
EP300,-14.806346492314997
LILRB1,-14.795556190481005
UBR4,-14.786765783451107
LIMK2,-14.776382447841279
NFKBIB,-14.773034416924816
CDC123,14.766249448861872
SLC25A26,14.763551651959204
KIFC1,-14.756354246917065
ATP5F1B,-14.75400150721558
LSM10,14.745061269295862
NADK,14.744591309582601
EMC2,-14.733658589306405
DHX36,-14.72624272939075
MRPL53,14.71603037865227
SEC23A,-14.714866729299832
PEX16,14.707346721977913
NPEPPS,-14.707108206860855
ANP32B,14.692758258813617
GPI,14.673934315411437
PRR12,14.669313667086946
MOSPD2,14.667156534881432
CCS,-14.641227794056014
ZCCHC17,14.63324918779452
TRIM28,-14.627760249265105
RBSN,14.59404116283794
STUB1,-14.585894342216926
IREB2,-14.54581938212735
GTF2I,-14.540036133763147
FAM229B,14.53973072698217
PPP2R2A,14.53740279372368
CAMLG,14.530878202779311
MYCN,-14.524178582882694
TBC1D14,-14.516096534625754
METTL23,-14.500740904444646
PAN3,14.48998836774622
FUT8,-14.478778413045603
SMARCC1,14.445661731572201
DPH7,-14.439801072802432
INO80C,14.423480265972996
NTPCR,-14.416835614104135
SUMO2,-14.416149416969677
SLC38A10,-14.415744095273695
DOT1L,-14.406608230728331
KAT6A,-14.385708181761377
RAD23A,14.377836232251829
NDUFB8,14.363404779736786
AIP,14.348952967904538
CAAP1,-14.323575169279808
MRPL54,-14.32243132724417
ZNF579,-14.304300864651939
ITGAL,-14.303544772384557
LRRC58,-14.30351974594883
GAB2,-14.299255726161205
NKX2-2,14.288654171600223
NACC2,14.284765430271449
CA11,-14.27082241457617
MDM4,-14.270392198833104
DDX5,14.255499799662488
KTN1,-14.25286739884069
UBE2R2,-14.243390936627613
TTC14,-14.231209528984692
NCDN,-14.23104275131975
ENTPD1,-14.227699991854953
ZNF775,-14.224571229929174
ZNF639,14.220749289281548
EMC6,-14.22045620587809
ELOF1,-14.212818833209909
PDGFB,-14.210899515757585
COX15,14.200459500663474
TRAK2,14.199018289110992
TGIF2,14.174955842273942
CCNT1,14.170339994648678
DLD,-14.168941719619188
DRC9,14.167182849666863
SIK3,-14.165524714848234
ADAM10,14.159991926774177
MRPL22,-14.154901172676915
AIFM1,14.145954352628815
MCFD2,-14.14528349519489
TSPAN9,14.141243140989687
MUS81,14.13416349702385
ZNF426,14.129290177296006
RHBDD3,14.12798781727494
NOL3,-14.117781870439506
RNF122,-14.11429812381016
ZNF655,-14.102668536111986
TGFBRAP1,-14.101064600448517
NUP42,-14.091998944834947
RAD54L2,14.088794385312983
DIPK1A,-14.085097294487293
BRAP,14.074200391135795
FXR1,14.052556907676905
TASP1,-14.050247169093547
RFX1,-14.04270826157385
TRMT10C,-14.036392562590853
ARID5B,-14.009230313713166
SKI,14.004582512119185
ZNF384,13.99983342372751
USP14,-13.995747544422041
MTIF2,13.977651763254315
UBTF,13.975335972598627
MICOS13,13.97259370544638
ZBTB14,13.97238098405453
CAB39,13.960715247357042
ZNF236,-13.944802481321833
TEAD2,-13.933823315644196
NFKB2,13.924682393665215
SRA1,13.922435128678757
BACH2,13.918595025438346
RELL1,13.903292750138776
HIPK1,13.884713762689003
CHURC1,-13.87860234901668
HAUS2,-13.867179669273561
SAC3D1,13.864197633571063
FGFR1OP2,-13.85076586958063
MRRF,-13.845750579812732
TRIM38,13.843360337605702
GPT2,-13.83698312790334
GRM2,-13.835011037900172
CPAP,13.831757259053385
GCLC,-13.823150226755962
SLC7A11,13.817832153080252
MXI1,13.80829148738566
MRPS16,13.80666798417026
TAF13,-13.801256741865698
LPAR2,-13.798594959157118
UNC50,13.77227598259107
DARS1,13.772162097538626
MCUR1,13.77156116727577
ITSN1,-13.769171046184937
SUV39H2,13.74921033863224
CCR4,13.72229870034509
GP9,13.719404874705102
PARP8,-13.70398908835665
LAMTOR5,13.701466306389994
CCNQ,13.694451677283332
MRPS5,-13.683507521178601
ERN1,13.668795158052566
S100A1,13.663897773666992
TMEM234,-13.662287464948667
FCHO1,-13.646322517938527
MIER2,-13.625069952006582
GTF2H3,-13.622434495695417
SYNCRIP,13.610474131719855
RXRB,13.60793325926375
ZNF404,-13.59812453749331
SUGP1,-13.587336741960518
METTL17,-13.584372371046221
GARS1,13.566208263962908
REXO5,13.565017452193603
KLF3,-13.564986345279875
CSNK2A1,-13.542610389804782
CCDC22,13.529219253518997
CD40LG,-13.527127268307693
HNF4A,-13.526989915538906
UFM1,13.522508271050473
ZBTB39,-13.49800049133736
RAB14,-13.49796092304571
TADA2B,-13.495261284432992
ZBTB33,-13.466452095812052
CCND3,13.458048449824991
PIP,-13.457314762737479
ZNF586,13.449084003887446
RANBP1,13.44787224979192
STAT5B,13.443197011585735
LRBA,13.43889852337259
DUSP23,-13.415520027827663
TIGAR,13.406398730236964
SMG1,-13.404396576372301
PQBP1,13.37742350832016
TRIM14,13.367371144422071
CTSZ,-13.366890962988716
DUSP12,13.343444276953054
MTFR1,13.33890060879121
RETREG3,-13.338551927743854
CNOT4,13.335477794228003
STK17A,13.333937184727835
CSTB,-13.323371584711113
CCNE2,-13.302610512877687
FABP6,13.301530955949188
CNOT11,13.288147367546612
TRMT6,13.279124746850673
E2F3,13.258265748665439
GDF9,13.251739436704254
ACOT7,-13.245585964582167
RNASEH2A,13.240319149036779
NUDT13,13.233096890225218
RCN1,13.225850467864795
TMED3,13.225008864013509
HASPIN,13.224694196751
OTUD5,13.223642203885356
XRN1,-13.2148259813743
KRR1,-13.212453391589351
NPM1,-13.195493110755875
SRSF8,-13.192988500765162
PHIP,13.186497152377132
PRRT3,-13.184364027333421
JMJD1C,13.179099885544957
SPHK1,13.178794495899819
ZBED1,-13.171526705677799
TSPAN2,-13.160963506313294
GPSM1,13.131765014225698
SAMTOR,-13.12327560911752
CSNK1D,-13.11159350910093
UBAC1,-13.110656144053769
TRAF6,-13.102671145326484
SGF29,-13.089090720940922
SESTD1,-13.077579461646103
RBM18,-13.075579284129093
ZNF398,13.073193917720863
MRPL36,13.068598951569513
EEF1E1,-13.06836908050669
RASSF6,13.066163988560163
PPP2R1A,-13.060953512080474
VPS26B,13.05667247757657
LSMEM1,-13.056226771980738
CBFB,13.048661844941597
PPP6C,13.04073020888498
AGRN,-13.031862284851428
TMEM123,13.028454674682925
USP4,13.021784619642833
PFN2,-13.012544547397269
TBC1D5,13.006939551344752
CEP43,13.00413643419471
SLC37A3,12.982805875148628
RHOT1,-12.96614276264869
TXNL4B,-12.965574030261939
TPP1,-12.961237199692812
DDX39B,-12.956412037357216
TBXA2R,-12.942646432425631
ZBTB9,12.932007183423474
SPSB2,12.92487380822183
PAK1,12.916498168198407
FBXW7,-12.913450141664494
FAM229A,-12.905250304040413
ZNF180,12.893780724304273
NLGN2,12.890638527689973
CTSO,-12.876811060626492
TMED9,-12.857827233532193
USO1,12.844166163930966
TSLIG3B,12.84084310062508
LRIF1,-12.837561803488658
EHMT1,12.832953557129029
MARK2,-12.82431644129277
PPP3R1,-12.812705514542312
FRG1,12.810702319246404
ATG9B,12.806215219817105
MNMIP1,-12.789399158184056
COX7C,-12.786416978009326
WAPL,12.773507912655385
MOCS3,-12.763334546294384
MYOG,-12.76022153002846
SPTSSA,12.752032539992733
WNT9A,-12.751026493496692
KBTBD2,-12.73294894547627
IL9,12.73157973869446
ARIH1,-12.718194540347339
ELP1,12.708151434233764
CEBPB,-12.70268595028747
PPARGC1B,-12.684488743955848
TEFM,-12.678544579544551
MBD5,12.669621627267112
LRP6,12.66422005172735
UQCC3,-12.650262800909527
TARS2,12.6480243283967
NDUFAF6,12.633090281445249
GOLGA3,-12.631594556906983
UBIAD1,12.625141398280514
C9orf78,-12.60910631750016
A2M,-12.607132601110761
CFAP20,-12.603024795730557
UBE2I,-12.591310563734586
COX10,-12.58256198617186
GPD1L,-12.580119462018018
LARP4B,-12.575817148329767
C12orf75,-12.55403995480677
TXNDC17,12.550847666096269
PRKD2,-12.547981883486784
HCFC1,12.547650171477711
SLC16A5,12.514099813956937
AKT2,12.488277425791889
CCZ1,12.479087517379178
ZBTB2,12.469291237672294
CDS2,-12.467966658674777
RBMS2,-12.452214342417124
TMEM169,-12.451817803931316
MMGT1,-12.451117881223048
KDELR1,-12.441689610469364
GDAP1,12.441539248921048
CLUH,-12.430301876341597
TBC1D31,-12.429785577529442
CCDC59,12.409728590874332
KDM5A,-12.40284954183079
ALG12,-12.392637005779227
HOMER3,12.382198680578638
MBD2,-12.375346491322453
PHF11,-12.365432453730165
RESF1,-12.357656715543381
DLX5,-12.357017563527574
RPN1,-12.342145433604372
KLF13,12.33558213129569
TIMM8B,12.333958893877007
HMGN4,12.329412312585061
HCFC2,-12.31723193737932
ZNF662,12.308762489947277
POLDIP2,-12.308233241091184
DLG4,-12.301311707438886
MIGA2,-12.282523231004259
CNIH4,-12.273505403395141
MOSMO,12.272315952274914
GSS,-12.251135212619404
FEM1A,12.243003359660724
GRK6,-12.232643415372358
HK2,12.231609807418494
REST,12.221327126387802
ST3GAL2,-12.219618673903417
PPM1L,12.219356737443222
DDX17,12.208818378487049
CELF2,-12.198741527975388
FNBP4,12.197068331331204
MCPH1,12.196802619664826
ZMYM3,12.17506377468541
TMCC1,12.174290466592938
MTG2,12.166101664229307
WIZ,12.161454530615162
AEBP2,12.155626373861335
CYP4V2,12.152991271950235
C8orf82,12.147764841217535
WDR24,12.133870077860504
SRD5A1,-12.124782959604474
STAP1,-12.122034093268557
EFHD2,12.119364476707089
MTCL3,-12.11458868798818
CNPY3,12.105522106282839
ATP8B1,12.102443636434138
MALT1,12.08499666376155
SPATA25,-12.084917775642605
NGLY1,-12.083012025277377
ABHD16B,12.077769897304274
MAP3K5,-12.073346926450512
SZRD1,12.069157701688658
PRKAR1A,12.063995236875977
OXSM,-12.061901068344847
CD6,12.060063644320664
DEAF1,12.047853807744128
ATP6V1E1,12.040672346818438
EIF4G2,12.039809069699462
RHEB,12.036361765904504
AUTS2,12.025251556617384
RALBP1,-12.025068196253937
NDUFA10,12.013287316168798
FBXO38,12.013229781060987
POLR3E,12.008064297914064
WDR82,-11.993498722708924
PDK3,-11.992774925024506
SLC9A6,-11.987484693257354
ARG1,11.98719900266012
LOXL2,11.980206714553383
RAB22A,11.967350072561604
DSE,11.967340762621092
FBXL19,11.964984520347645
DOP1B,-11.964772920781876
FN1,11.957502264579134
GCC1,-11.95317384344512
THOC6,-11.945854771815446
RBM27,11.936247214928379
BEX3,-11.933335334081546
WIPF1,-11.92840653163087
ETFBKMT,-11.927687290890265
KDELR3,11.923343991579182
ENDOG,11.92275248463489
DENND1A,11.91126612962301
RAB4A,-11.910988228772304
SRD5A3,-11.90899177115865
FOXO1,11.908591459303038
AUNIP,11.907209774924878
TLK1,-11.904624252633434
ZNF43,-11.889020129975304
CSGALNACT1,-11.880655660836432
PTCD2,11.870604707574866
FAM241A,-11.868324538403307
SLC38A6,11.861081106619523
ARID4B,-11.852878825214338
SEC31A,-11.844590665155417
ADD1,-11.841546074087313
DNAJC21,11.82939263875252
B4GALT5,11.829190661342455
PSMG2,11.815668883983482
PROX2,-11.784540486703635
ARRB1,11.78401924991224
PRDM5,-11.777534640435732
DENND2D,11.761449210477993
LRRC45,-11.75796342475377
COPS9,11.757495562656738
ZNF221,11.741951434597107
TAOK2,-11.737903024126409
TCEAL8,-11.729717207792028
TMEM185A,11.723899906931125
UBL7,-11.710463804198206
TMEM41B,11.707090928832118
COMMD2,11.70448167188998
SUGT1,-11.704457663760003
LYRM2,-11.698545796439863
ARIH2,-11.696533460565089
GATA2,-11.678034605928842
SMARCC2,11.675994211893999
PDCD10,11.635799579611088
GLS2,11.631597538489805
MEOX1,11.615218163698275
EEF1B2,-11.608534762846038
PJA1,11.607150029843671
IGF2,11.604289810200763
HBA2,-11.580224024587325
MDH2,-11.578627413503474
HMCN1,11.56436929337169
RAB10,11.551802015442044
ZRANB2,-11.549842833656173
MCMBP,11.548944292442252
CCDC134,11.536909713940403
CHORDC1,11.53305494802807
CEP19,-11.525193769879785
TBCCD1,-11.522008571056654
PHF23,-11.520533226750358
JUND,11.519371108952072
BICDL1,-11.497568823320947
MRPL43,11.486821799319161
COX7B,-11.484372903021832
CARD6,11.47633065344994
ZDHHC3,11.474391604806067
PGBD2,-11.464264160896878
FLCN,11.43595100720649
MRPS18C,11.426022198414616
DCLRE1A,11.42075037212855
PARS2,11.412928481820211
TMTC3,11.40845356619129
MYT1L,11.40173510798836
ABCD2,-11.40117916751702
CYP2U1,11.397886452799966
PAK2,-11.3928898709237
UBXN1,-11.390787865620304
TUBE1,-11.372432092062297
ENTR1,11.355653277494556
ST7L,11.345105242877445
DECR1,11.31196599653375
RRAGA,11.302014369388441
PAPOLA,11.296130583516044
RCCD1,-11.29383787379874
ECRG4,11.287834616325636
TSLIG3C,11.272907246172755
VEZT,-11.256073796744351
ZNF628,-11.254628041467706
BORCS8-MEF2B,-11.252865716267127
C6orf62,11.237695827163794
TTC38,11.223795003725485
FBP1,11.211877972445341
TUBB2A,11.203687680901922
RIDA,-11.195730911730092
EID2,11.18914053894486
CDK13,-11.187364160588789
KLHDC10,11.183374623588053
TGDS,-11.166597745490332
C5orf34,11.165918922081037
UBQLN4,11.160374982144202
CTNS,-11.159846561797869
POU3F1,-11.15917622343909
UPRT,11.159175316155455
RNF214,-11.143115371744003
THAP3,11.13441153202967
CCNB1IP1,-11.127139952267301
TBX22,-11.125764535804134
KDELR2,-11.118568458545944
TLX3,11.105767692710595
SSR3,-11.101694387484244
ACTMAP,-11.10058110940848
TMEM150A,-11.1001415451324
UBE3C,-11.097309524884485
CLDN7,11.086624965187063
LETM1,11.083317259440733
ITGB2,-11.082483877603497
PGP,11.076504625553738
METTL2B,11.073867528440626
MRPS18B,-11.073008057766552
MT3,-11.064892265911185
ZNHIT3,-11.064815933190193
CUL4A,11.059931998692225
PYROXD1,11.05594394734722
NFE2L1,-11.050599166502218
SERPINH1,11.04743785914419
HACD2,11.01857155490706
DHX40,-11.011493232295132
ALG9,11.009715990178096
UBE2G2,-11.002957690988673
LTB4R,-10.99643448319171
AIRIM,10.99346730366414
SRSF11,-10.991861518244331
NEB,-10.985886427117991
EIF3H,-10.982133278440337
ECI2,10.979363681503736
CBX5,-10.97203704604143
NEUROD2,-10.968914793131614
CDKN1A,10.964881466434509
NSUN2,-10.957750853505392
UBR5,-10.956415672941372
SUPV3L1,10.953586772070073
PLGRKT,10.953107809561061
LSR,10.95112740104389
SDC4,-10.947888905387122
NRAS,-10.942108697931033
SEPTIN7,10.940174394244787
UBXN11,-10.922700539614084
CPOX,10.917327616347015
KNL1,-10.9144150967712
TRIP6,-10.904857831205788
MYH9,-10.886084817972595
THOC7,10.88271900510933
CEP350,10.856820004293624
ACSL6,-10.85392596148964
TENT5C,-10.84629160362755
YPEL5,10.839424649239213
RSRC1,10.837267312967095
BSG,-10.814055730868406
ARNT,-10.79911274284505
DCAKD,-10.788156835941146
RAP1A,10.783586711252612
LSM14A,-10.775192617787095
UBE2B,-10.772869880725239
HIP1R,10.772149891648676
FLI1,10.762722634938639
MTX2,-10.750560984690672
FBXO3,10.746147220116463
DMAC2,10.729146968055174
KMT5A,-10.720451939875925
YME1L1,10.713438465412915
NUFIP2,10.712027700201062
VPS26A,10.706051558856652
LRIG1,10.703812586180371
SKIC8,-10.698628205364837
SMARCD1,-10.68194227864196
MALSU1,-10.679192040371515
GIT2,-10.663289679026573
ATF3,-10.66162063329895
TMEM245,10.652035770329356
STK11,-10.648201384397861
RNF145,-10.625698106046165
NSD1,-10.617500084078197
SPON1,10.609364644558298
ASB13,-10.60570194489494
ZNF473,-10.598927090322317
ALG8,10.596670565856426
ITM2B,-10.593301048070602
OAF,10.5855044507254
APEX1,10.582344988594231
CAMSAP1,-10.579374560503755
SNX1,-10.568144864147799
HOXD13,-10.567352294306112
ALDOA,10.561301323365349
GNPDA2,10.548889008515408
MCCC2,10.539142655168382
NCBP3,-10.534249877732764
GGACT,-10.515811956294876
KDM4A,-10.51098731598074
ELOVL7,-10.502297261919841
WASL,-10.49136285138375
MUC4,10.487393517940411
PTP4A2,-10.485197664140918
MICOS10,10.484544656395702
CBLL1,10.478633407718025
EXOSC1,10.470373465109095
S100PBP,10.455892677519264
DVL1,10.453031359955354
PHF20L1,10.441696953130323
PCBP1,10.43622527206636
TSPYL1,-10.433281426899619
PDAP1,10.432116180991681
ATP5MF-PTCD1,10.430094956821906
RBM33,10.42700365279197
ARID5A,-10.42638226373898
DEK,10.419642749927034
SETD7,-10.416275394923753
PGLS,-10.415598663916546
UBR1,-10.413409501741489
ARHGAP11A,10.40952411568429
SBNO1,10.409176006796297
EGR3,-10.408944723837267
ZNF696,-10.390415754765991
SREK1IP1,10.382035986443043
DDX42,10.381953969954607
PPM1D,-10.380199969487942
NONO,-10.36503438851539
SSR1,10.364564482271954
IGHMBP2,10.359602120905551
ARSK,-10.350714164718067
BKGD,-10.31561830376068
PTPN11,-10.314303689319596
GCSH,10.297126790448122
DHPS,-10.294726842380381
CARS2,-10.272557650933788
GNAZ,-10.254321812108147
SMAD3,-10.250466314824468
SERF2,10.233873935662745
ING2,10.227235091402779
SCO1,-10.224295855009276
BCOR,-10.218413772376369
GTF2A2,-10.216208878325752
ETV2,10.207074180982708
RAB24,-10.204128703003613
HSD17B10,10.20397122813647
UBE2E2,-10.199662728403714
DMRTC2,-10.195861468489
QRSL1,10.18010930670309
NDUFS1,10.169115779702366
ATPAF2,10.162311706548715
IRF2,10.146867595716897
RNF216,10.134931477003757
EML3,10.127030659213888
ELP2,-10.126901278688797
CMIP,10.111067687415666
CEP83,-10.10733090187046
C2orf15,10.07411799496635
UBE2D1,-10.065818890872842
CSNK2A2,-10.06373217677537
RBPJL,10.063163237282597
RSF1,-10.046973994689505
NFIX,10.04696967586593
NKAPD1,10.042922839314743
RPRD2,-10.041410839386437
PIGX,-10.038416620969967
UVSSA,10.036953106788623
MAD2L1BP,10.030850305485071
MLLT6,10.02453402379043
BCL11B,-10.024523741968501
COMMD10,10.015968647206941
HSD11B2,-10.006885860154505
TSC1,-10.00657193554577
ZNF526,10.003047658429505
DCP1A,9.979692055286309
PEX1,9.976847095103759
NCAM1,9.972197418650987
MCAT,-9.970590452147452
GRIN3A,-9.961918368262626
MRPS6,-9.955020223603764
TUT4,-9.945884677944434
SLC10A7,9.929093330031325
AZI2,-9.928964771960004
SLC4A7,9.92560876431821
FANCM,-9.921635845578846
CKAP4,-9.917041218173027
AP1M1,9.915616135186148
CHRNB1,9.904831199596451
NAA30,9.903499673561745
NUDT5,-9.886876959353756
GRAP2,9.877459706028398
MRPS24,-9.87384368520244
RTKN2,-9.871689381061541
MRPL52,9.867262112474926
ZNF554,9.866810106200013
MEX3D,-9.861444342109674
TRMT61A,9.859876516215
EEF1G,9.851256136136369
E2F6,9.839607127452894
SSR4,-9.835779196845413
ITPA,-9.826927901570185
TRUB2,9.824147487243632
ZNF883,-9.8051360251347
PPP2R5C,9.80200500518642
FDX1,9.796023686048729
FBXO2,9.78788057175765
SLC25A3,9.78272885262022
MYL5,-9.773182902253541
CDK10,-9.770695793620154
STK32C,-9.767042185520534
CD2BP2,9.752125117460533
NDUFB2,9.742709165528774
MTCH1,9.740895075269858
MTRES1,-9.740380087574286
FGD3,-9.739684666578041
ZNF581,9.729586417923185
L3MBTL3,-9.729164898399496
CA10,-9.709097203586143
ERCC6L,9.705496514447521
SNRPB,-9.702959547244221
ITPK1,9.700011641134811
LRRC56,9.698180629721255
THG1L,9.696199432725072
EPAS1,-9.693305376115516
BHLHE40,9.689464476858818
FOXS1,9.686576270026563
DSCC1,-9.684128472458877
CITED2,-9.674892277942137
MAEA,9.661838909282281
IL6ST,-9.659517696777632
SIAH2,-9.654806819476935
EIF1AX,9.64979129161204
KCTD3,9.64968882427224
CD38,-9.648896490329856
COMMD8,-9.647010535189093
MAPDA,9.641216307088929
SAMD1,-9.637453224140554
NCOA1,-9.635370050921303
PCSK7,-9.633545844736812
TCEA1,-9.621491817643523
RHOC,9.617373303940758
HEY1,9.613873429397444
MAP4K1,-9.604121707051547
GPALPP1,9.595370164510223
GUCA1B,-9.590297706878484
RAD51D,9.578770477166335
RABGEF1,-9.576295781889543
KIF3B,9.56793726956623
SAXO4,9.561173993270815
ATG101,-9.56109781515585
PHGR1,9.547082910522272
NUDT12,-9.546646088827497
MED14,-9.543240103752868
MANEA,9.527819701395526
RAP2A,9.52207923682391
PARK7,-9.519593161166117
NDUFS7,9.499657384103363
NPIPB3,9.48193125118648
MIER1,9.476892173147204
MIF4GD,9.475496854612729
LCP1,-9.467705071270831
MICALL1,-9.465967187842306
MYNN,9.456393435576212
KRI1,-9.449952322399408
ASXL1,-9.44838838517886
ATP2A3,9.433062013032536
AMIGO1,9.429698881408555
EAPP,9.415295569615546
KCNA2,9.400995395192616
HYKK,-9.391971974938324
HECTD3,9.389205925599217
SHQ1,9.383708000628033
SRSF6,9.383631224467369
NSUN6,9.378992000464573
MVD,-9.378266304701452
LPCAT3,9.376220048965335
TP53BP1,-9.370910570422918
FAM209B,-9.360139473738906
BRD9,-9.357132126616435
R3HCC1L,-9.354574882042728
INIP,9.332954457871546
CTDSP2,-9.330226799576229
CALM1,9.316161189311392
YJU2B,-9.310354070312007
C15orf61,-9.307687809344472
TRAF2,9.297885324438475
RPLP2,9.295462367994155
H4C1,-9.285019624325578
GPR108,9.281067481492194
MLF1,-9.27260094461521
PRPSAP1,9.269260275177958
PIGF,-9.248366614855012
NDUFS3,9.236378951063713
CLIP2,-9.219392666840113
EXOC6,-9.215958237167996
ZNF101,9.211466350503702
ING5,-9.205313191501032
RFX5,9.202760912757672
MRPL34,-9.201711404698974
CHMP1A,9.189202965410978
FAM161A,9.186065975246375
ZNF414,-9.181922945486075
ROBO3,9.18062291551098
PGM1,9.14901061298414
EIF4B,9.14740684809528
FPGS,9.145428588366983
RWDD4,9.14461810358868
HOXB2,-9.132791096827663
MYH14,9.124434284848281
GLUL,9.093654601480196
NFATC4,-9.091651769610444
HARS2,9.090506634115508
NR4A3,-9.085448363874434
MECR,9.08387450462522
GFER,9.082801729546757
MSANTD4,-9.061351606891257
TTC7B,-9.058055618007044
WRAP53,9.047519075127157
C1RL,9.041079936321136
ZNF787,9.038803949114962
GOLT1B,-9.03764790092889
TRUB1,9.03480242438351
FBXL15,-9.006801007446516
NUDT1,9.005697112911118
ATP5PO,-9.004170346130712
GGNBP2,9.001869528162874
CEACAM1,8.992216087235265
PPOX,8.974158612296407
MON2,8.959343151444823
ACADS,8.946285114478844
UBASH3B,8.936400019856178
VPS35L,8.930916500560588
LRR1,-8.92846815567481
PLIN4,8.924739116223998
ARMC7,-8.923230270934143
KCNA6,8.918706404230276
HK1,8.912648897659384
ALS2,-8.905566889917562
APEX2,-8.899495120732679
FAM78B,-8.895178641697388
CCL5,-8.894676599377187
PRR5L,8.87281942122238
LMF2,-8.86649636884976
RBL1,8.866465642454955
ANKAR,8.858220588483837
POLE3,8.857916148764462
MRC2,-8.85105011568575
BAG1,8.848288435923264
C11orf98,8.842281806901017
IRS1,8.833957949607235
TRIR,8.826112085196387
TWNK,8.821199405451988
UBTD2,-8.816189612263715
PPP1R11,-8.8095873531762
NSG1,-8.799759908844736
KTI12,8.797957266276068
POLE4,-8.786980476154438
GGA3,8.779738410488871
MSI2,8.770624537548569
LEPR,8.765956364290266
TXLNB,-8.760168112309305
GPAT2,-8.75835694550833
RMND5A,-8.754366929769315
DNMT3A,-8.742076414734441
FZR1,-8.738019635556528
SBDS,-8.732369080420032
RING1,8.729249370379515
RAB11FIP3,-8.72016198025197
GDPD5,-8.719645729103464
UQCRC2,-8.715060894032923
HDAC7,8.711086380072267
ACTR5,8.708090176848208
TADA3,-8.699812756532738
SLC9A1,-8.684389637685362
AK9,-8.6801538929031
TMEM168,-8.673139589410065
BCL6,-8.661335894154643
ORAI1,8.660768881529831
RFXANK,8.652784452729435
CCDC12,-8.652339777626066
MOSPD1,-8.644047688971664
MEN1,-8.642244181249552
CD28,8.63618794837519
TOR4A,-8.636034549265814
CCR10,8.63344951555051
SREBF1,8.626322354149162
DZANK1,-8.619171597384796
TLR5,-8.613361406519704
ZNF549,8.609882556929454
HIRIP3,8.609318104952397
PHOSPHO2,8.605955352034407
NOA1,8.597254911940402
PRMT6,-8.594523289562838
SH3GL1,-8.593085171531852
PIBF1,8.586516981246426
PRKRA,-8.583239075903046
MIB2,-8.580474850264496
LRP5,8.572169298036588
TNK1,8.56934842653421
AKR7A2,8.566215809019413
ZNF281,-8.554435661278106
ZNF304,-8.544663022997549
RBFA,-8.535064674819058
MEST,-8.516176117987495
MRPS12,-8.497155062785202
STK40,8.476935713622332
COX4I1,-8.47564290370324
VPS9D1,-8.472718125081203
PCM1,8.464753929937674
SCRN3,8.463557276754093
CPTP,8.4499244388088
METTL1,8.448449594260518
TXLNG,-8.447447806908693
NIPSNAP3A,8.420923471843574
KEAP1,8.419605694267554
PTGER3,-8.418212913548084
COQ10B,8.399376846844653
DENR,8.391056967825866
IFT140,8.389450972726927
SOS2,8.374136759463676
RNF8,-8.371312104548872
MED15,8.369378755509073
STOML1,-8.356384254314705
PLEK2,8.354499455801042
OPA1,8.354328495226513
MATN2,8.352641213486587
SEH1L,-8.341402312952086
VBP1,-8.33663839613204
TAF3,8.329895873068425
MAPRE3,-8.326872469469487
C18orf32,-8.310680104963149
ATP5PD,8.310467843384053
ARL6IP1,8.291981481095112
PFDN5,8.281954352410228
MTOR,8.281135754397468
STRAP,-8.277736378345109
SEL1L,8.275704275823024
COPS8,8.267597128766521
B3GAT1,8.260532448943561
OSR1,-8.259060026393318
PTBP1,-8.256276571751407
LOXL4,-8.250014712772188
ZNF853,-8.249484332628642
ZBTB32,-8.24719558832286
PRF1,-8.243818554738226
GAREM1,8.243132163975233
CD53,8.240514701119428
HNRNPM,-8.230702491737055
SUPT4H1,8.227637447621671
NASP,-8.22417507881629
WAC,8.211116014558533
HTRA2,-8.204803718215876
HOMER1,-8.202818828584608
CNP,-8.194969954829707
NMI,8.192622147844572
WIPI2,8.192534833000568
ARHGEF5,-8.179938977520203
WDR44,-8.174896637487155
FOXN2,-8.172020924817254
PRKX,8.16643882054385
RNF14,-8.15176329666946
MBIP,8.14972695651878
BCLAF1,-8.144644402437146
TPRG1L,8.142999660883195
DNAJC3,8.14018805050781
SMARCA4,-8.134592788314569
USF1,-8.12933485575489
PMAIP1,-8.120620184815705
PTGR2,-8.11716298613831
CIB1,-8.105571010598792
TTC4,-8.102511023546569
ZCRB1,-8.099675310929895
ZNRF1,8.099551333925737
PAQR8,-8.098576492181314
ZNF618,8.09390605263288
MARS1,8.083502284717829
PNPO,8.083341011879615
CLASRP,8.081277106049054
COQ4,-8.073946476817191
RIPOR1,-8.068533328668243
MTHFD1,8.056062460954784
OGA,-8.055918529133352
KLF4,-8.04815130189583
MRPS15,-8.047579489351035
NFASC,8.047305340241813
AKIRIN2,-8.046757297653098
GDAP2,8.039962209638766
GNG2,8.027947076106082
MARF1,-8.02006139058788
SPOP,8.014941261234455
TRIM21,8.008749574308089
PABIR3,-7.9968987872964075
SCRT2,7.994580765557382
DPY19L3,-7.987850542282382
ZKSCAN2,-7.981886958339172
UCHL5,7.981881022567218
BEND3,7.979445237387086
ADPRM,-7.969554838885625
HELT,7.96789280437212
RIC8A,-7.950870374257576
ARPC2,7.940365270262258
FAM89B,7.932937140950709
UQCRB,-7.931562516462811
CHRAC1,-7.922730357292445
RYR2,-7.9003572168239655
HHAT,7.896802348575526
CHTF18,7.8924404335235705
SIN3A,7.887387762523315
EMG1,-7.879677803052241
JTB,7.872149544809033
YES1,-7.863625600137974
PEX6,7.856361212769902
PKN3,7.843602459773778
ZNF518A,7.833412064630403
GRSF1,7.828444936507027
PARD6A,-7.824125126608164
KDM8,7.823886971552807
HAPSTR1,7.822788121377713
DNAH3,-7.822286936308474
GADD45GIP1,7.81672677411046
ID2,-7.796958853330156
ZNF726,7.788234019222789
NABP1,7.787343656094314
PAX9,7.773448016624318
PYGM,-7.762205013355055
XBP1,7.759038081119996
COX5A,-7.757782063847342
GOLGA8N,7.750105146724861
SKA2,7.7284547572885565
CNBP,-7.718259869786404
VPS13A,-7.715523763411167
RPL29,7.676846522762205
ELP3,7.670188131614029
ZBED5,7.670102986148284
ANKK1,7.65247919154234
L2HGDH,7.647303525669329
UBA5,7.6434602059670835
LSS,-7.638242516072889
DEF6,7.637439927243854
NUP133,7.630943731498319
NPHP4,7.629650665825565
ZNF608,-7.627285199580486
SLC66A1,-7.627158239159621
SCAMP4,-7.6247725462650555
PGS1,7.614008408076543
PKNOX2,-7.609830129277574
LMBRD2,-7.60911310142447
DSEL,7.582663495650598
PRKCQ,-7.578179740244652
MORC2,-7.573230585840683
GRAP,-7.5665109320803285
SRRD,-7.564737793783704
ING3,-7.563181008773283
PDSS1,-7.562582257647339
NNAT,-7.553384016809345
PIGW,-7.5417729482860425
MRPL42,7.535973028518761
SMARCA5,7.535203458589042
CALR,7.533188670449977
IQGAP3,-7.5321323738276496
USB1,7.531078209297675
ELP6,7.513043117771331
CCNE1,7.507914416151856
DPH5,-7.504537941311847
MYEF2,7.501697223454061
JOSD2,7.5013524416169455
NPIPA7,-7.474860977011612
YIPF3,7.462059810753939
DHX30,7.455773245749009
ARID3B,-7.45575982052458
ZNF254,7.4554216052654185
TADA2A,-7.446387468018874
MED19,7.443182266455257
CCDC102B,-7.433906520908416
ZNF589,7.4329308314147875
KIAA0319L,-7.424757773298883
BPGM,-7.4206175375529195
B4GALT1,-7.4202785333071155
ORMDL2,7.4198338565462745
MROH6,-7.419596832900736
LRRC8B,-7.418877223182921
PTPMT1,7.41810284572767
TMPRSS13,-7.416106950381695
ZNF703,7.412735914998445
GPRIN3,-7.403486112380279
ZSCAN32,-7.397646500284307
CCDC6,7.395308547251958
SUMO3,7.394766329607207
ATP5MC1,-7.3850426506285105
PKNOX1,-7.382788537804647
ZNF219,-7.380153161018357
FANCI,7.377490143594655
FAM3C,7.376353047639011
PRUNE1,-7.3612770457167525
DNAJC2,-7.341036248413144
MAN2A2,7.329838373326977
GLTP,7.326603211346414
CCDC93,7.311741299975785
BRD10,7.310455046396959
RHOB,-7.308071303694701
PRAM1,-7.300087798518484
RPS6KA1,-7.295565646555704
RBM12,-7.29326220913364
TAF11,-7.2900425259793895
TMEM94,7.288138428864214
IFT25,-7.270923235946796
YBX1,7.27026724622324
IWS1,-7.252060045851999
NSMCE2,-7.24794283724711
TNFAIP3,7.247803607631
CTU2,-7.237069000429198
CASP9,7.230734876721604
EME2,-7.2228441317779914
GOLGA8A,-7.2167590990559916
PLEKHA5,-7.199351112317938
CASK,7.188764168232189
BORCS8,7.187864516000101
DAXX,-7.1837834465078165
NPC1,-7.182616174614465
FKBP5,7.17755433708329
BRPF1,-7.168294304194732
AVPR2,7.15875472624351
TRAK1,7.139493398335082
CWC27,7.1337481088523
EBF3,-7.121753333150824
PLA2G12A,-7.11970693754947
IRX1,7.11655562097728
DRAM1,7.1066898711665605
LIN7B,7.10094425084988
DESI1,-7.092030929763321
COQ3,-7.090685374909821
PGAP2,7.089175074128344
ARFGEF1,7.082853234803673
BLOC1S4,7.0523305287749265
SET,7.044110438448813
SS18,-7.01562665858655
MMAB,-7.013539743438933
DEPDC5,-7.0123798891467395
ATAD5,-7.0105598689838216
TMEM254,7.006068812297174
PPARA,7.00098322458646
MRPS9,6.9781788050655695
MKRN3,6.974922547351212
ELL,6.971888985928122
WDR7,-6.965817126267036
RAC2,-6.962238036872712
NUP35,6.9590446290185595
COX18,6.958798704588179
STARD4,-6.950169855022976
ZNF200,-6.944816759575061
DMD,-6.932097089528333
HSP90B1,6.929117836895885
ADAT2,-6.9260319771891705
BAP1,6.92473744648561
RAVER1,-6.9191722139311915
MEIS3,6.918494572742308
AGK,-6.9111753813529715
METAP2,-6.902012585847645
ZC3H4,6.901598220201406
NFATC2IP,-6.897159643304258
ANKZF1,6.890611900722026
G3BP1,6.889311421036387
ZBTB47,6.871738454042943
RBM41,-6.870041220180021
SLC44A2,6.866484519481738
QTMAN,6.866480987767295
SERBP1,-6.865418487220731
NPC2,6.8571589157644395
MRPS10,6.853281175850134
CKS1B,6.852602715623174
SLC30A1,6.826673971485631
CANX,6.822251054065965
SEC14L2,6.822172117589512
AP2A1,6.821003057820964
LTB4R2,6.811710314057003
NIPBL,-6.8021800076996515
BAMBI,-6.798342320921066
HSBP1L1,6.792217569446713
INO80D,-6.7820341488289335
RCC1L,-6.779905455187488
NDUFB11,-6.772348601481222
HEMK2,-6.77052941595773
RPL36AL,-6.759757507804093
RPS6KB1,-6.75222897857609
HDHD2,-6.737973612122803
DTWD1,-6.737225971341809
ZNF177,6.73037035662205
PRORP,-6.730279397938459
ENO1,-6.729301719001687
POGZ,-6.722298152013929
MUC3A,-6.713812735200054
RLF,-6.712892813068284
NUDCD2,-6.710163768562879
FAM161B,6.698705512690678
ATP2A2,-6.6942967115011855
DEF8,-6.692484127160394
GALK2,-6.68554271827936
EXTL2,6.683874042044696
CENATAC,6.681336788557122
RPRD1B,-6.679616367145396
ANXA6,6.678325628258258
PPP4R2,-6.666217598284804
TDRD3,6.659162010890312
HYLS1,-6.6569138499749405
MRTFB,6.654506436448865
DBP,-6.647668466416885
NEIL2,6.6391113062506415
CARM1,6.634681946197412
H3-5,-6.6327126482119825
CDCA2,6.630483886799011
GATAD1,6.61138250666135
HSPH1,-6.610076842105341
ADM5,-6.600230807592775
HGSNAT,6.597789214851826
PCYT2,6.595493893129472
FUBP1,-6.572047168044137
SEC62,6.569346080101436
CYTH4,-6.547157227750319
SNUPN,-6.546544769863221
ZBTB34,6.53935237155884
MRPL47,-6.5317391107966625
NCOR1,-6.5277396139002795
GIPC3,-6.5274435630188
SLC5A6,6.521582809218269
AKTIP,6.520945217064792
RABIF,6.52004481735718
ZNF12,-6.501133122274428
ATP13A3,-6.492897180148789
TMEM9,6.486508295893452
MRPL19,6.467081482632469
ZFP64,-6.463812326690072
SKIC3,-6.456487282791355
DNAJC30,6.452714749838523
UBA2,6.445828622656307
ATG3,-6.42287356767311
DLX4,6.4139107447575885
FERMT2,-6.407011033964633
CYB5RL,6.406672296369283
PPP1R18,-6.406488369296044
CYC1,-6.40514115204595
PLEKHJ1,-6.388710256694537
FBXO21,6.387409018073939
USP28,-6.384465054089903
BRD1,-6.379919109719574
GNAS,6.376613008804165
GPRASP2,6.36865913655564
TRAPPC13,-6.363983397727095
GUCA2A,-6.360464356400993
DMWD,6.354693689642139
GNS,6.352552435319584
SMAD7,-6.348499827441777
ODC1,-6.344957540591551
MOB1B,6.3350002802616725
KCNH4,-6.333798933260106
LENG8,6.329199243261781
RPS6KA3,6.32829426348348
SLAMF6,-6.32683073957611
TAX1BP1,6.324700550709146
ABCA3,6.322697865732218
GPR15,6.316186469261453
TMEM44,-6.30126904814789
PHOSPHO1,6.301121389389191
TNNC1,-6.279577235029855
CRLS1,6.279457659262599
MRPL57,-6.278858751940421
TPR,-6.268373573637354
SNU13,6.254444142706489
ZNF71,6.243926426468639
DCAF11,6.231533394117712
ATG9A,6.224418157140095
GLI1,6.21580071671426
SLC35E3,-6.211960218334159
DCAF10,6.20499318554005
ZMYND19,-6.201821097564432
TEAD4,-6.200540999440731
ZNF600,-6.192971695837035
TRIP12,-6.19215525226902
PTRH2,-6.184975965239851
GBX2,-6.181304117605309
NDFIP2,-6.178499127820607
LDLR,-6.177938904165524
ERGIC1,-6.165083418641653
SERINC5,6.164276426548396
CENPQ,6.161446359290335
HLA-DOA,6.161304850233456
SLK,-6.150845751719185
DPH6,-6.13528547612814
TTC7A,-6.132673024787185
BPTF,6.121891582439449
HNRNPD,6.115097037450004
JUNB,-6.1119032567273655
REEP5,6.10234781372365
PRPF38B,6.0923949392747385
PFDN6,6.089765722051874
GIPC1,-6.0892035104226006
ZNF18,6.08817544973613
AMMECR1L,6.08792233062399
RPS25,6.061992791168824
PHF10,-6.032613833595265
FKBP8,-6.027441295559043
THUMPD1,6.022906158900015
PRCC,-6.017876343108434
ADCY4,-6.016432700373797
MON1A,-6.003742556781827
SRSF5,-5.998902680395372
EIF4A1,-5.990418098433178
NCAPH2,5.989477477959151
H3C11,-5.989301631908123
MIER3,5.986585230452506
INTS15,5.984312404911882
VPS37C,5.977121035743463
AGGF1,5.97251744016662
TMEM45A,5.970722582930215
IKBIP,5.970721862311054
FRMD4A,5.962417302730155
ABHD14A,5.960984085559355
LSM11,-5.957165751045891
TEP1,-5.9544182691558065
DIS3L,-5.948181526419811
INO80,5.9481762289633755
RASL11A,-5.944782085760828
PRPF39,5.922640962915021
ZBTB25,-5.915903794146541
SRSF10,-5.913803363309565
MORN1,-5.912634545386666
NARS2,5.912456292545176
MATR3,-5.8993758993280965
WDR59,5.889681088543316
NCAPG2,-5.879413335774871
RNASEH2C,5.878181071334888
NEMP2,5.876446752127682
PTGDR,-5.868846979958471
EIF4E,5.867037023776304
U2SURP,-5.865025801490527
RGPD6,-5.861330493288572
MRPL37,-5.858709648943223
SPTBN5,5.856725466713842
CD274,5.85636503667343
NXT1,5.84828528290584
ITM2A,5.846874539978153
KCTD9,-5.841394462559587
NLN,5.838818941770989
ADAMTS6,5.822050658842654
PMEPA1,5.810229336116606
TIPRL,-5.800135514191128
ODR4,-5.787713485761749
ACTR8,5.767043926754308
YY1AP1,5.765814609941844
CHD1,-5.764977647579207
DNAJB9,-5.758394142690783
PHF6,5.7334335665676095
LIG1,-5.723038736710473
N4BP3,5.719048311909649
PITRM1,5.69753203402847
SAPCD2,-5.651480847927839
NFKBID,5.637508352353036
NOMO2,-5.619138042383357
TBC1D9B,5.618037178628228
NOL7,5.614301133949971
RDH13,5.611285611849319
SDHAF4,-5.6042631011312025
IPO11,5.600614794692421
ALMS1,5.600092017139148
EIF2AK1,-5.591301850374909
MTF1,5.57749078516129
ATM,-5.576146025353793
GRK2,5.566543247467397
FLT1,5.552063771309313
SRPK1,5.548522471467615
ZNF280C,-5.545186652270007
BZW2,5.539109253080886
SERPINB9,-5.533490624272297
PMVK,5.501319342681619
DMRTA2,5.497962538871777
RIC8B,5.483325301904952
HMGXB4,-5.479995996652127
ZBTB48,-5.478686881777743
STAC3,5.475502474599339
TRIM24,-5.473802198932171
CNTRL,-5.468745828745349
MSH5,5.458598618283368
RAB9B,5.409649980379022
KRT72,-5.402080094480765
AMER1,-5.3928645938364665
CACNB4,-5.391131286417688
ZIM3,-5.382021040390426
TMEM86A,-5.379391990035463
GPAA1,-5.3793208348361485
TBPL1,5.374666517859268
TPST1,-5.364201632217855
RNFT2,-5.363056711322249
INSIG1,-5.35987015944704
RABL3,-5.359564140103927
FAM20B,5.352216233994557
CCNC,5.350249285074875
STXBP4,-5.347180622270826
KDM3B,-5.342369116147113
GGPS1,5.341114617906898
CTSK,5.339789227868377
ARID4A,-5.320916221886417
OCIAD2,5.298975228693045
CMTR2,-5.292179905068451
NATD1,-5.2845627336855046
PIGH,5.277233178051867
MYSM1,5.273300183780548
BBX,-5.268571082912086
MKS1,5.263182180598596
TBL1X,5.258886468090137
DLAT,-5.257181154474024
SCGB2B2,5.256614259348731
CTSF,-5.255866696860238
KCNK6,-5.254408576700576
DEFB131B,-5.249097425005927
WBP4,5.248726248204107
SLC18A2,-5.245512148756743
CCL2,5.2454849990967265
GNA13,-5.241668102607254
RAF1,5.231101797871494
PDIA3,5.227230432922949
HIBADH,-5.227206693916026
TRMT13,-5.223140649497215
COIL,-5.216679878419369
ZHX3,5.20766119506924
ATOX1,-5.205461478872693
APMAP,5.205421351814894
CABIN1,-5.201071058297132
PKM,5.200305860057477
MAP3K1,-5.188534971766877
NDUFC1,5.185063575465912
ROGDI,5.171939836847392
PRRC2A,-5.151965193601742
COMMD5,5.1379684340479095
ZBP1,-5.133420332268229
CHP1,5.1265685208597995
AGFG1,5.120199240262059
OLIG2,5.114035886321781
KMT5B,-5.109287754852134
ALG3,-5.107110611556168
BIRC6,-5.105055938567009
DBF4,-5.101711985302325
POLG2,5.091847543085545
SCAP,-5.0834872035343395
ZWINT,-5.074865102556334
EMB,5.072535370763738
PPP1R9B,-5.0584724811064214
TMEM33,-5.055740055988398
TFDP1,-5.0505576469745455
VGLL4,-5.04328850305332
B3GAT2,5.02718514632655
ZNF268,-5.022196146609249
DNAJC24,-5.021007628859577
BMP8A,-5.015008675467132
INTS10,5.006501636857025
MCTS1,5.005612453670108
PMCH,4.995332030369409
SREBF2,-4.988408104387067
APOBEC3A,4.980762525612306
DAPK2,-4.980644825267559
E2F1,-4.979029877567363
RAB8B,-4.978003163763066
SURF1,-4.963324515560671
CDCA7L,4.955227415673815
PYURF,-4.952187553069856
GZF1,4.948096205694446
ABHD6,-4.944800239755424
GNPAT,4.943054416516198
MYB,-4.940737339107591
NDEL1,4.9401351840474765
FBXO28,4.931610108451297
ZNF100,-4.930081827508969
KCMF1,4.928776926192577
PIGB,-4.916868716542818
TMED4,4.9133172627662836
RNF40,-4.911332022723578
TESPA1,-4.91121524290787
CUL4B,-4.9033665281895304
ASH2L,-4.899830218170868
SARNP,4.898460397400126
ZNF7,-4.894697415719253
ZNF280D,4.875542349088382
DUSP4,-4.874941302788522
ABHD13,4.866652740852
ARPC3,4.864982351572649
AGAP6,4.8594434718246955
NABP2,4.853997683461327
FARS2,4.852362960051281
NR2C2AP,-4.852307563912435
CIAO1,-4.851065219007179
TMEM140,-4.849398754424056
MIA2,-4.847855860185797
SDCBP,4.84735340330053
PPP1R12B,-4.842351539476813
MAIP1,4.840935487234702
BCL10,4.832722549966866
CDADC1,-4.831042111055323
LMLN,4.828237283455566
CARD11,-4.8273620981316405
THAP11,4.824887938326741
YLPM1,-4.819378098444839
WARS1,4.815238185036392
ARL8B,4.814697267995825
IMPA2,-4.811733235383971
TTYH3,4.801377048704686
TXNDC9,4.80106644151179
GTF2H5,4.7958903102494475
CAMK2N1,4.781573041467675
FUNDC1,-4.765914612201063
HSPA14,4.76520308100662
CCAR1,4.764417299907728
DNAAF5,-4.758491467689819
KICS2,4.751087001935964
AASDH,4.737090847171355
SLC35E2B,4.735298707056188
CRTAP,-4.73271787196452
KRABD4,-4.72294527655121
SIX3,-4.720536546314139
ATF4,-4.71687247332605
QDPR,4.701314142359209
SULF2,-4.698630995409778
MOV10,4.684121967093943
DIS3L2,4.682963876552851
CYB5D1,4.682768795683517
SLC35B2,4.6768587922505285
CTDNEP1,4.673596441224402
KAT14,-4.658924227208256
HNRNPH1,-4.6559177008874055
COMMD7,-4.651973912031093
NTN5,4.645073964282193
DPH2,4.630493853583527
CREBBP,-4.626583866418954
BCL2L1,-4.617914604185549
CTBP2,-4.613893662750839
SLC35A2,4.613763939783569
HTT,4.6127362121754905
ERCC4,-4.5935736709535115
RNF138,-4.5870574926018755
SMS,4.585230514654902
CDK5RAP3,-4.560244900881984
HERC2,-4.560031862080625
RBM26,4.558596474696176
ATRX,-4.549906668399583
TMEM258,-4.549374832894666
UTP23,4.542424733126718
PPIF,4.535848938971283
UROS,-4.534307590799474
C20orf96,-4.53306415227175
ZNF827,-4.531664616829426
RAVER2,4.5280908369078885
ZFYVE26,-4.5276619160657114
IQGAP2,4.5061361709935275
DTNB,-4.505314785430539
FOS,-4.501515899901811
PNPT1,-4.495221201608319
COL1A1,4.4906975149255475
SLC35H1,4.485948706142246
CERS2,4.479916503107948
POLG,4.476882504253927
MEAF6,4.4739447821779255
GNG11,-4.470963054272365
GNMT,4.466230042032316
ZBTB1,4.465486079266917
DLX1,-4.463937141759296
DEDD2,4.460773773084213
GABPA,-4.457335460172765
TEDC1,-4.442440332223752
SCAF11,-4.440829485582406
VWF,-4.440795520322887
WDR18,4.43833373208099
PRDX3,4.436538447916771
SMAP2,-4.429959497543878
PRSS21,4.413400415743393
TTYH2,4.411902107984222
CISD1,-4.408014462299764
PEX11B,-4.407558130025158
PABIR1,4.4057981523665015
CDKL5,-4.378289909655443
C17orf67,-4.372148712249636
PFDN4,-4.364492519131715
SLC25A51,-4.359236914200484
AAGAB,4.354803973273541
GATA4,4.347229025136458
ZNF189,4.344461706563531
WDR48,-4.336345330356619
GTF3C5,-4.332255396921885
CEP68,4.314073561804908
SMNDC1,4.313976412946024
VAMP7,-4.305291928770039
ST14,4.305053383917567
ZNF613,-4.284212856272421
ZNF862,4.277619023397802
POGLUT3,4.249522811258389
BCORL1,4.245982956137817
RHNO1,-4.244240469265128
DIS3,4.239991563386065
STARD9,-4.2397863062417125
GPR27,-4.226472759317608
E2F8,-4.221994106944331
OSTF1,4.194452943251188
MIEN1,4.191665173715295
QPCTL,-4.187668219853879
AMBRA1,-4.168243317681484
PLOD3,4.162909563589698
MOB1A,4.151673794810486
NAPB,-4.150923612860446
CNOT9,-4.132313139908325
H2BC10,-4.131215498228755
ATP5MG,-4.11702053556906
MYO1F,4.102832491330203
GOLGA5,4.099406367568844
AHR,4.092613517142199
TBL1XR1,4.084170340147844
TMEM167A,4.082090712695208
ZNF653,-4.07636837552461
ZNF75A,-4.073424877541523
GNE,-4.061793560135049
CDK2AP2,4.059762478845598
PA2G4,-4.057471406878702
HOXA4,-4.054280783742845
SRF,4.05297259056921
CMTR1,-4.051266842101858
SPSB3,-4.046102681577199
C14orf119,-4.040928206542859
KLF16,4.024136249915719
ZNF687,4.015726245289999
SP4,4.013354824517271
GLIPR2,4.008115171837532
ABHD17A,4.00233775215981
NOL12,3.9918387457187237
KIF20A,-3.978231762410822
RARB,3.9775295353008864
PIGV,3.9732196895676455
MYPOP,-3.9692302500151677
SLC16A13,-3.9637767379875957
HNRNPR,3.957508285842854
EXOG,-3.9561749999758518
LRRC2,-3.942843481657173
TMED10,-3.9411620735927984
ZFR,3.9348852980211606
PPDPF,3.9140671070874693
H1-5,3.896873324511127
SACK1F,-3.8915856927843717
ABCA1,-3.8859929008993954
OIP5,-3.883281349411604
ZBTB21,-3.88123508869884
HMGB2,-3.8796034451668895
RRM2B,-3.8790484308732216
CCND2,-3.855262992586571
TRAPPC2L,3.8550152070340173
GJC1,-3.83749527197854
CASC3,-3.835072831653713
ARID3A,3.834597089941783
MCM8,3.8323315568844474
GSC2,-3.825368003465776
DENND3,-3.8188353899956344
NUP37,3.8181736448259325
DGKH,-3.8101557268860278
ZNF622,-3.80123877814957
MESP1,-3.7957468247740356
CALCOCO2,-3.790210798505708
EDC3,3.761376552922765
RBM15,3.7577813914299467
AP3D1,3.748771110193736
LINC02693,3.7427037286985723
VENTX,-3.732523047428077
ATG14,3.724228843953385
CILK1,3.713847683218219
PCGF6,3.7010049365307442
C1D,3.6963454212987017
MTPAP,3.6865781611119397
RBM7,3.6838618335711995
ALX4,3.662167788218142
CRIPT,-3.6573886649298006
RFC1,3.6549057425287614
ACSM3,3.645890391542121
HUWE1,3.642966220261579
MKNK1,-3.6409613786205743
CDC42SE1,-3.6399526224567986
FBXL3,3.6316763941267594
EMC7,3.6284001881701506
EMC4,-3.62711263352462
KHSRP,3.62628098882992
ZNF641,-3.6237515262179993
RAB6B,-3.6146998079355286
SLC12A9,3.6055152992842325
TRADD,-3.5986764988721944
MRPS25,3.5919162445877504
KIF5C,3.5843640904437
HELLS,-3.582846132338577
CLPX,3.5805949126786656
TPRKB,-3.578414067448373
NOP9,3.5750824482621435
XRCC2,-3.569510486763994
STT3A,-3.569225899845077
GADD45G,3.5689648663440665
ATP6V1E2,3.562043187485872
NIP7,3.558500342921293
SNTA1,3.5580768354015886
FDFT1,3.5565264414190096
CNOT12,3.5549597469358067
DYNC2H1,3.546249257712463
FITM1,3.5462455343736883
HAX1,3.5434441005243986
WDR83,-3.5338886717590317
COMMD4,-3.5252494181418346
PELO,-3.5071544246241424
CCDC138,-3.4951526508000845
PACS2,3.4940660998004263
CCL3L1,3.4914095147778195
DHX9,-3.4850252116211884
FOXO4,3.4833429668405356
WBP11,-3.475629338940494
FAM153B,3.46934511799103
ZNF800,3.4537867034281526
DMAC1,-3.4523233878151016
CPSF6,3.4511681048379454
TRIM39,3.4484233563796227
TOR1B,-3.4406581536306384
LZTS1,-3.4300697684421735
KDM6A,3.429327005166943
MKRN2,-3.421326721914669
SS18L2,3.4195152743937216
BARX1,3.4034707038347913
HSPE1,3.399406086922025
PPP1R12A,-3.3775787363035037
TMEM181,-3.376186773636086
SLC6A6,3.368286760193091
CEP89,-3.358836302732484
DMGDH,-3.3571486853421324
PNRC2,-3.3535617080487414
MAP2K5,-3.3414908594561177
C10orf95,3.33031229431629
MAPKAP1,-3.314910506204232
SCAF4,3.300593491481931
MPP2,-3.29363682146589
DNAAF2,3.291383202623587
ZFP82,-3.2884834386047577
TPP2,3.2872094090507957
CTH,3.2752783789526627
CXXC1,-3.2608890219092617
YARS1,3.253930863821337
CAPN5,-3.2478744765340974
TPK1,3.247628078391225
SENP1,-3.243329738449932
CAPN15,3.2336862025549253
STMN1,3.2032925674261383
MED10,3.201996675538754
TBC1D1,-3.1945441292592545
CEP55,3.187870670543496
MYRFL,3.183104591847763
NAA25,3.1787598550149276
SPRING1,-3.1730261364464853
SIN3B,-3.1689219978130323
ACSL1,-3.157939925510577
BRD8,-3.1524901508216487
FAM13A,-3.150546068562802
PRRC2C,-3.146825438650369
TP53INP2,-3.144317490544051
NCAPD3,-3.1419636705043144
MRM2,3.135350079111958
RXRG,3.128487828028468
ZNRF2,-3.1229360496223837
BTLA,3.120924868089079
RGS5,-3.1161048599939742
GATB,3.1122494349553262
MYDGF,-3.104129849331298
GPHRA,3.0943666716180864
TMEM87B,-3.0938969256024182
NCOA6,3.0911333519543343
PTPA,-3.07980598440676
ZNF93,3.0791452152826273
PUDP,3.0784226688391105
XPR1,3.072785937486227
CRY1,3.0724748919853497
DOP1A,-3.0649696829713537
ZNF70,-3.064333259091053
TMX2,3.060036580875202
INTS14,-3.05500997793071
MTRR,3.054189939412019
KRIT1,-3.047152455257781
SLC25A28,-3.040846314108233
SKA3,3.040613373475886
HSD17B13,3.0396918911214152
GDE1,3.0359699744435957
SP8,3.030124100694371
SHOC2,-3.02102314245684
OTX2,3.019424272854997
PSMC5,-3.017799063733121
MLLT3,3.0112370725440445
BNIP2,-3.0024579472716773
SELENOI,2.9929996782069543
ZEB1,-2.981034273700347
HDAC2,-2.968668503705917
LINS1,2.9661831284682267
MED12,-2.9578296018023376
CSNK1G3,-2.954771481233112
ELOC,2.946951353463394
MACROH2A2,2.935256580757862
EPM2AIP1,2.9281769864224314
TFG,-2.922852441701105
RPUSD1,-2.9203851646627585
YBEY,-2.916960765530443
UNCX,-2.910834607086098
KIF22,2.9096179515947638
MEF2D,-2.908523737095854
MAGEH1,-2.905294968786071
CD2,-2.9051302620975736
GYPC,2.903958839123324
ZNF776,-2.9030605840470654
IBA57,2.900438958611456
CAPZA1,2.8995705472922335
MAN2A1,2.896748651810313
ARMH3,2.888565997524415
RNASEK,-2.8838485552214554
ZFYVE21,-2.882113888089326
USP7,-2.8711482001865063
RB1CC1,-2.8703845478710766
MRPL17,2.8699950946791053
RNF20,-2.8613966433050213
LARP1,-2.8556867772780588
KCTD5,2.8420910559593753
CHST14,-2.8401149457877564
UQCRQ,-2.822928797888826
ARPC4-TTLL3,-2.81446724992071
CLN5,2.8119074620819906
CCDC125,-2.8090388587762978
CEP44,2.8062458770058223
SLC25A1,2.8049184956646567
INPP5K,2.7749462685228314
BBS10,2.7745156167113505
TFE3,-2.7693055113701095
SOCS4,2.7594664937935347
TOR1A,2.7529167186920085
ZNF507,2.747130512334902
MYO6,2.742786082370285
CTDSPL2,-2.7413752426640174
MAN1A2,2.7196660443950327
ACTR2,-2.713108906448425
ALAS1,-2.7016772576685737
MITD1,2.701453389451928
LUZP6,-2.6932305965635597
PROSER1,2.6859038092956067
RPL36A-HNRNPH2,-2.67522424950648
NFE2L2,-2.6737670722009574
ZBTB26,-2.6592364130903654
TFAM,2.6530866991270745
SLC16A1,2.653067875337866
SAXO5,2.6467786538972558
PARP3,-2.642612158829064
ZDHHC18,-2.641372270023781
ADAT3,-2.6349000851181223
R3HDM1,2.6340055357961702
ACLY,2.632298467705784
CARMIL1,-2.6311353315165626
RELT,-2.6252680525258927
RIF1,-2.612917002363139
NADK2,-2.6125072994864977
OST4,-2.609205433064565
DENND1B,2.608175200552207
ZNF561,2.5897612710763567
NEMF,-2.5878551340516465
ZFX,-2.5707188299578223
BRD7,2.5659501018124966
LSM12,2.546449020366016
STIM1,2.5418698371886967
TOPBP1,-2.537208460753421
PACSIN3,2.5289592401057828
MARS2,2.519722738108278
PLEC,-2.50132998053477
MTERF3,2.497401092060268
L3MBTL2,-2.4969824505387206
ATXN1L,-2.4942147613834704
MRPS11,-2.4922599202398485
SUV39H1,-2.4873665933887925
SLC39A6,-2.486484758591913
SLTM,-2.47495718522599
CYB5D2,-2.4680777269909333
UBE2L3,2.454985559637808
RALGDS,-2.4530796848310343
TTF1,-2.4372164677383887
OTUB1,-2.436734787176111
CEP295,-2.4331095490767325
TMEM205,-2.430950664404136
ADNP2,-2.4226363940113336
MFSD6,-2.4078030235449055
DEFA6,-2.3988558114309373
ZNF396,2.3936108393861812
IRX2,2.388324965932325
DHX57,-2.38819729182276
ATP5ME,2.3850954964466555
ZNF311,2.375172024279339
MRPL14,-2.373497476716327
DNAAF10,-2.373379464279487
SLF1,-2.3692075974661897
MIPEP,2.3658699950322784
OSBP2,-2.3649470023025936
TRRAP,-2.3583041298162297
HSF2,-2.356550754446494
ARFRP1,2.3551352948573676
POLR2L,-2.3531235865859843
SEMA4C,2.3477345325560637
MFN2,2.3434133197846325
HSPA8,-2.3383913598019395
GMPR2,2.3344278714692717
VHL,-2.332689201364272
AASDHPPT,-2.3242240989364755
AVL9,2.320268890320955
SOCS5,2.3162916789475423
VPS4A,2.315157949551932
OTUD1,-2.3013853070414645
ZNF574,2.2988682077684945
SNX8,2.2969731401334914
WDR54,2.294439994957893
HSFX1,-2.290027956831774
ADGRG5,2.2891700419650634
COL6A1,-2.284807318630688
BRMS1,2.2791882326257533
GET3,-2.272787238933539
HERC4,-2.267840900769163
PIGN,-2.2663199552182163
SLC27A5,-2.260328303007216
CHD2,-2.2549479024500014
TPST2,-2.2510590291213473
LAMTOR4,2.250973463175173
STN1,-2.2260361440621907
AIMP1,-2.2254358808201213
TPD52,2.2225020642144426
TCEAL1,2.220991302840853
DTX4,-2.2095363593603508
CARNS1,2.2087818276047035
NFRKB,2.206937175695506
TMEM161A,2.203401565959713
MED1,2.1998982275779078
WARS2,-2.1933938018783725
ARGLU1,-2.1930212893876138
SLC7A6,-2.192281050851883
NELFE,-2.189363035491153
NPAS2,-2.185332025436504
CHKB,-2.168250845232876
GPSM3,-2.164700680930477
TSFM,-2.164370108461942
ABL2,-2.1581257140101737
PBX2,2.154282240044583
C12orf57,-2.1463727711695193
SLIRP,-2.1452062816094637
GAS6,2.1386331837908537
RNASEH1,2.1351397394384137
ENO3,-2.1325512878833286
BLVRA,2.1284263263470184
MRPL46,-2.1256119607039454
CKAP2L,2.1245779366377957
ADHFE1,-2.124491207111333
NOP53,-2.1111466448672664
STK25,-2.102815197466172
RBM5,-2.099424377354678
ARMC8,2.0949096081293463
KLHL5,2.0828599576655726
GSTP1,-2.0745001522485986
KBTBD3,2.0607439846375644
HIPK3,-2.056440840781857
PICALM,2.0538881059689698
TNIP2,-2.0525828386967344
IFNAR2,-2.0464381951213624
PEAK3,2.044466373631064
C2CD2L,2.0436905436562824
LONRF3,-2.0436746859946506
MPIG6B,2.041932293870715
AAR2,2.0271212381929793
CBL,-2.02122941127372
FAM204A,-2.0196292808187475
MTMR3,2.0165599160943866
TACO1,-2.004707731446255
FLVCR2,-2.0046310277515613
C8orf33,-2.0032895806097755
KDM2A,1.9984749516952678
H2AJ,-1.9945851782785584
PHACTR4,-1.9896876749487131
TPD52L1,1.9718676979220722
TIMP1,1.9596016787682458
GMEB1,-1.955691344234191
EEFSEC,-1.9502891011760677
HECTD1,1.9486027304510325
SNX2,1.9472299656360883
RAB11FIP5,1.9409451571045573
PET117,1.9409089596734967
TRIM47,1.9369010715895956
TCEAL2,1.9350754454216212
ZNF492,1.9331564284134775
ZNF296,1.926798517034986
FOXM1,1.9169758672855561
TM9SF2,1.9046488760478986
IRF8,-1.9033862827451506
RASA3,-1.8964946317830045
ATL1,1.8943454251026126
PELI2,1.8931165553591232
GTF3C4,1.8900205742110456
RICTOR,-1.8878166294474812
RPGRIP1L,1.8829199879698861
MAX,-1.8739118552158294
MBTPS1,1.86481614162906
FOSL2,1.8644718752017917
MAP3K13,1.849826085967477
RBCK1,-1.8475302217680203
CTBP1,-1.841255216816445
PTP4A1,1.8379501172251986
SLAMF7,1.8365297352585532
TCEAL3,-1.8341498952035427
IL2RA,-1.8341149800932675
WNT7A,1.8228701587270646
S100A11,1.8210303150936762
NSL1,-1.818098631390502
KIF14,-1.8168583155783022
UBE2J2,1.8137686283399683
EXT2,1.8014887113689941
MYO16,1.7941724512272288
NDUFA5,1.786993446907513
ZNF568,-1.7805559411059304
ATP5F1E,-1.7798708260242828
NCALD,1.7771537777679793
SP5,-1.7673237586323085
H2AC11,-1.7576221753744268
PATL1,-1.7511807192501603
PPIP5K2,1.7410887652826659
ALG5,-1.734602424540194
CUX1,1.7339211144206328
PCSK5,-1.733409591577584
SAV1,1.6977972913810382
EDC4,1.6975502343574367
ING1,-1.6914288972346934
ANKRD40,1.6872903246027935
GTF2IRD1,-1.6852582004372743
TGFBR2,-1.682339775874499
RASSF8,-1.6685182474045976
FAM219B,1.6670354117747932
ZFPM1,1.6506255452886949
CPLANE2,-1.6476650951947696
KMT2E,1.6381306672547213
NELFCD,1.6379783204011733
ABITRAM,-1.6378931433359185
ATP1B3,-1.6333250949962377
MRPL32,1.6304149093135125
ZNF578,1.6292108192663584
EEIG2,-1.6242998774517745
UBE2E1,1.6215110229060459
QNG1,-1.6212193596184379
ANKFY1,1.620870649336203
PIN1,1.6150849765016142
SLC9B2,1.614676355240714
POU6F1,1.6026195853402834
DGKZ,1.596795717257522
GPR137,-1.5821555767511
SRP9,1.5743023275771297
YRDC,1.5736898843382265
CDC37,1.5652825170672349
LARP7,-1.5565547148734025
HOOK3,-1.5536809819624344
SIMC1,1.5401387592985578
PRIMPOL,-1.5268902057680322
P4HTM,-1.5235873904872126
BTK,-1.5079414757985083
SUN1,-1.4725351956077501
CNOT10,1.461546266259208
ZBTB40,1.4548855080326646
KIAA0232,-1.4532117896587298
AACS,-1.4387245041774555
PRNP,1.4299075516360398
CYREN,-1.4295228740055967
TOMM70,1.4275543660007346
COA5,1.4147188980202803
CCN1,1.4097808000260135
UBE3D,1.4018005053573406
FUT4,-1.3951574662734403
HMX3,-1.3912749679533731
IL3,-1.386769316664029
ATP5PF,-1.3815601272310891
BDP1,1.3774599268407672
BICRA,-1.3756285488132673
PTPN1,-1.3753784172114516
COX17,-1.368002307164874
XKR8,1.3673882532132662
SERF1B,1.367249813545534
CCDC28B,-1.3663205492818469
DCUN1D1,1.3650665675647855
LIG3,1.3566032717672054
COX14,1.3495083854165129
LRPPRC,-1.3486490460237692
ELF4,-1.3422441600919222
SLC30A7,1.3362516722693536
EIF4H,-1.3347751738482456
PIK3CD,-1.3344544726872518
CBLB,-1.3321698267509707
PALS1,1.326815339570903
MLX,-1.3160213145030608
DDI2,-1.3112449171751908
ARL14EP,-1.3094972856903146
ARFIP2,-1.3052609703460947
FASTKD5,1.2973048734215797
NR4A1,1.2913282334266571
HELZ,-1.29003687019505
NKX2-8,1.268595216353972
ACACA,-1.2675956615830672
C21orf58,1.26753028129213
LCAT,1.2574031997019122
STK24,-1.2568874105418995
ATP7A,1.2524211965706153
RHOF,-1.2493715645363133
UBE2H,-1.240327412527982
FCMR,-1.2318513615151463
AAMDC,-1.2316825632508166
SLC35B4,-1.2230102484594254
GLRX3,1.2202888773437708
ZNF354B,1.2146495829248831
NSD2,1.211905112756208
TANK,-1.2027490889273047
MRPS7,1.1998577145311167
GGT7,1.1954530353613453
ATG12,-1.1953630127227968
CAPRIN2,-1.194535530684946
ANKRD10,1.1811998644059087
YEATS2,1.177690412121092
IL17F,-1.1765641994677807
PPAT,1.175449236496575
ERG,-1.174441333301469
CTU1,-1.1737263145667944
RMI1,-1.1698336844555022
CCDC137,1.162852751173415
DPF2,1.1524193730312773
ITGAM,1.1516012939949025
CEP104,-1.1474288149087912
MTF2,-1.142956184319026
NDRG1,-1.123886899093621
MRPL23,1.1170039777931389
TGIF1,-1.1094947757611726
UBC,1.1039924089658795
SETD1B,-1.1033647750377944
PDCL,1.0966810279271362
EIF4E2,-1.0952013878702038
WRN,-1.0746145092122557
SEC24C,1.0738176205063352
KHDRBS1,1.071086116230047
SOX8,1.0672065313655175
HIVEP3,1.0604617506646747
ZNF648,1.0504131496327984
NIPAL4,-1.0468932054900948
THAP12,1.0398463277934495
CCNG2,-1.0353276843611736
FANCA,-1.03440208036015
PUS3,-1.0329344466520671
ETNK1,-1.0269280438401174
TIMM9,1.014908099119827
MAP4K4,1.010631066704753
FBLIM1,-1.0067652106558105
ARF4,-1.0064588094901283
LAGE3,1.0000900273286701
MST1,0.9997854458334254
LPL,0.9958480163593306
NEFL,-0.9939776882821436
ARRDC4,-0.9862307631158649
BLTP2,0.9849677258994093
SPCS2,0.9796319545321861
KIF4A,-0.9754777159410943
AKAP17A,0.9722384425072539
VPS45,-0.9583190774458298
ZCCHC4,0.947668380310684
FOXR1,0.935937195824533
REXO4,0.935684293446753
MKNK2,0.9236426429128981
DHRS1,0.9087567674734093
NDUFS5,-0.9071125648839702
HSP90AA1,0.9045647507790765
AMD1,-0.9024550845093652
ZNF785,0.8991745979312967
FBXO8,-0.8970057758509843
SPRED2,0.872763573714698
IL23R,-0.8653545271603851
EZH2,0.8541664533199002
ERF,-0.8448096904594423
SS18L1,-0.8412922986123625
IRF2BP1,0.8342396890950686
ZBTB17,-0.8273692159681413
SH3YL1,0.8254410400539522
INO80E,-0.8215053651474327
MTG1,0.8184885258684931
USP18,0.8167884549068168
MRPS26,-0.8093101466675252
PLEKHG1,-0.807989328580835
NPAT,-0.7969847235017036
EPB41L2,0.7968134561830597
SLA2,-0.794027472918978
OPRM1,-0.7915595826729828
RC3H2,0.7907011257289556
INO80B,0.7889577494412002
OGT,-0.7874165651166896
PACSIN2,-0.7849034574766199
TIGD1,-0.7753038643599992
MORC3,0.7717777976386955
AHNAK,-0.7683323937611903
ATF6B,0.7681811822898746
ZDHHC12,0.7659222362352903
TFB1M,-0.7516527645677693
XPOT,-0.7487993945803917
FANCF,0.748390542294843
HDAC8,0.7464360396240196
CRKL,-0.7405798130160774
DCAF16,0.7235997784886683
ATL2,-0.716036008736998
MYL9,0.7144006652546717
PEX3,0.7129382951388428
FRA10AC1,-0.7111921120990435
CS,-0.7101445590411183
FOXO3,-0.6910925013353558
RAB2B,0.686550449362659
HPRT1,-0.6850891328075478
SGCB,0.6812229165346857
TMEM131L,-0.672442718948483
ACSL3,-0.6639607470180762
RELA,0.6638510749356314
ZNF706,-0.6620905367241132
FTO,-0.6615089805965793
ITSN2,-0.6600139199629167
ZC3H14,0.6532640961313205
IMMP1L,0.6526279653996652
PYGL,-0.6452804992192397
INPP5F,0.6397112647037669
MTCH2,-0.6390086937384625
GALNT6,0.6379098520863844
PARP2,0.6283784410530723
ICAM2,-0.6181362388319208
KYAT1,-0.6177995391086
ZNF829,0.6118218711502129
SMARCD2,0.6098803938143674
TSC2,-0.5991865494729752
POGK,0.5907400341174058
ZFP36L2,0.5837382199802882
MED30,-0.5802165232562653
EZR,0.573159811014295
SAP130,-0.5670385992601534
DDX39A,-0.5666052421262426
TRIM2,0.5623576192481887
ATP23,0.5592598243017772
MAPK12,0.5548907870920048
CMTM7,0.5546576241327338
RASA4B,0.5428983206870297
SMARCE1,0.5389798337963245
CSDE1,0.5343506148470194
ESCO1,0.5238099698783689
ITFG2,-0.5207914241386877
THAP6,-0.5119439569653762
WIPI1,0.5098543390415741
ELP4,-0.5033250743041091
ABHD12,0.4934764378954703
RASAL3,0.4899241109159912
VEZF1,-0.48622129136735853
TMBIM4,0.47961582920098483
MATK,0.47365557352954457
PPIP5K1,-0.47225593837846896
COX6B1,-0.47211542445817145
CCDC169-SOHLH2,0.46569377108022475
GABARAPL1,-0.4638340328280924
COLGALT1,-0.4621968077481569
SP2,-0.459584156687829
MIA3,0.45469316168639473
PRCP,-0.45039148277301344
NEK1,-0.4359575601222237
FBF1,0.435023296883455
STK35,0.4330129922004033
SFTPA1,0.4290483819575559
STRN,-0.42572045889470994
VPS29,-0.42529908149130513
WDR73,-0.41795199322465854
TUFM,0.4099034753110959
MT1E,-0.40856858090362086
CUL9,-0.4050857679547634
TAP1,-0.4022965749201233
BEGAIN,-0.3978310939480105
KMT2C,0.3889408840341513
TBCA,0.3880884547490708
PHF19,-0.386236711879307
USP36,-0.37990400355200143
PDHB,0.3713885201092259
SINHCAF,-0.36565719853312684
CLDN5,0.36516065438828493
PSMD10,0.360215141455478
ARID2,0.35493154814802397
CD48,-0.35374559115043747
SUPT3H,-0.3529304087272176
CIT,-0.3477798692548602
GEMIN7,-0.34537089742397464
NCLN,-0.3360620480317403
EXO1,-0.32901747868822073
MBOAT1,0.3157410557324905
ANKRD11,-0.31467460381496126
SPIN3,0.309820067623107
SIRT6,-0.3065307635152743
H1-0,-0.3032042226309222
RCBTB1,0.2856109422286655
EIF3J,-0.2836896741450638
CTNNBL1,0.26602595790420125
GAS2L1,-0.26468183914900817
RO60,-0.2589933237859692
PHF12,0.25696997321611276
NDUFB4,-0.25260754838800775
RUNX2,-0.2511139694039994
COX20,-0.24728540818307557
IDH3A,0.24286402495269843
SSR2,-0.23039433408848262
TAPBP,0.2288205501206347
GNG5,0.22870664847593472
PPCDC,-0.22458124952215858
RRP9,-0.22407177133952527
PRKCH,0.20912832352022406
CARNMT1,0.20130040707194496
SLC25A22,-0.2002790242777997
CSH1,-0.19753689065233515
MLEC,0.1932879658811197
NHLRC2,-0.1927220612033232
SP3,-0.1920834593682756
CCNF,-0.18977049567700222
MRPS17,0.18592148635617373
CCDC51,0.16441728474633072
ELP5,0.15853635650861428
HPF1,-0.14743138662330357
SLC15A4,0.14513873297363883
TMEM216,-0.14247154965258702
SLC24A1,0.1370819146588292
DAGLA,-0.13526789053325713
PPCS,-0.13270132509732122
HDGFL3,0.12649764092288793
GBA1,0.12278644236257505
CNOT6L,0.11932686860552623
BIK,0.09865281684309862
MRPL21,0.0866522623700266
CD5,-0.08127864252387712
ABI3,-0.07939830430482187
METRN,-0.07462394431873813
CUL5,-0.07302215856449382
SPTBN1,0.05989514685221143
SDCCAG8,0.05899113178504796
RPL22L1,-0.05289544597584873
ZPR1,-0.04917957511138099
GTF2A1,-0.034086319706207326
MRPL15,0.03247431806716827
HEATR5B,-0.026665756803136494
MRPS14,0.025206727789201862
MRPS27,0.024357111135081978
CLDND2,0.02419898068892003
FHL1,-0.024137484465345246
TMEM268,0.019187252743214336
ZFAND4,0.001810202589130485
